TempHighF,TempAvgF,TempLowF,DewPointHighF,DewPointAvgF,DewPointLowF,HumidityHighPercent,HumidityAvgPercent,HumidityLowPercent,SeaLevelPressureAvgInches,VisibilityHighMiles,VisibilityAvgMiles,VisibilityLowMiles,WindHighMPH,WindAvgMPH,WindGustMPH,PrecipitationSumInches
74,60,45,67,49,43,93,75,57,29.68,10,7,2,20,4,31,0.46
56,48,39,43,36,28,93,68,43,30.13,10,10,5,16,6,25,0
58,45,32,31,27,23,76,52,27,30.49,10,10,10,8,3,12,0
61,46,31,36,28,21,89,56,22,30.45,10,10,7,12,4,20,0
58,50,41,44,40,36,86,71,56,30.33,10,10,7,10,2,16,0.001
57,48,39,39,36,33,79,63,47,30.4,10,9,7,12,3,17,0
60,53,45,41,39,37,83,65,47,30.39,10,9,7,7,1,11,0.001
62,51,40,43,39,33,92,64,36,30.17,10,10,7,10,2,14,0.001
64,50,36,49,41,28,92,76,60,30.1,10,10,4,17,5,24,0
44,40,35,31,26,21,75,60,45,30.33,10,10,10,13,5,21,0
55,46,36,31,28,23,76,54,32,30.39,10,10,10,8,1,12,0
69,54,39,51,42,30,83,68,52,30.11,10,10,8,13,4,22,0
55,44,33,39,26,19,83,55,26,30.37,10,10,9,21,8,31,0
58,43,28,37,22,18,75,49,22,30.35,10,10,10,14,4,21,0
71,57,42,55,48,38,89,68,47,29.95,10,10,8,16,7,28,0
59,47,34,54,32,15,87,59,31,30.08,10,10,4,21,10,34,0
36,29,22,15,8,2,50,38,26,30.68,10,10,10,17,7,27,0
48,35,22,29,11,4,68,43,17,30.52,10,10,10,13,5,22,0
53,47,40,51,45,30,93,75,57,30.2,10,2,1,12,1,18,0.16
70,62,53,60,55,50,93,80,66,30.11,10,4,0,12,3,19,0
72,65,57,64,61,54,93,81,68,29.87,10,8,1,13,6,21,0.1
75,62,48,54,37,20,93,53,13,30.06,10,9,5,12,3,19,0
67,57,46,58,47,33,84,68,52,30.01,10,10,10,15,4,24,0.01
71,57,43,60,36,17,87,51,14,30.01,10,9,7,17,7,29,0
76,57,37,31,25,20,70,41,12,30.13,10,10,10,16,5,29,0
64,52,40,29,23,16,49,35,21,30.33,10,10,10,14,4,21,0
72,56,40,31,27,23,55,38,20,30.13,10,10,10,14,4,20,0
64,54,43,31,20,15,45,31,17,30.29,10,10,9,14,5,21,0
70,54,37,41,33,23,59,45,31,30.19,10,10,10,12,2,19,0
72,59,45,41,30,18,64,39,14,30.22,10,10,10,9,3,16,0
82,64,46,51,36,23,71,44,17,30,10,10,10,16,5,26,0
63,51,38,28,23,19,59,39,19,30.31,10,10,10,15,6,25,0
70,54,37,39,27,24,70,45,19,30.11,10,10,10,12,4,18,0
56,42,27,42,29,20,78,64,50,30.47,10,8,2,20,9,31,0.06
40,33,26,22,17,10,81,60,39,30.63,10,9,3,16,5,24,0.05
70,48,26,38,27,22,85,53,20,30.19,10,10,8,8,1,14,0
76,60,43,45,39,33,76,52,27,29.84,10,10,10,12,3,20,0
60,47,34,43,23,5,66,44,21,30.09,10,10,10,21,9,32,0.02
39,33,27,19,14,7,69,48,27,30.4,10,10,10,15,6,23,0.05
49,38,27,19,13,9,63,42,21,30.41,10,10,10,15,5,23,0
65,48,31,51,36,20,80,64,48,30.06,10,10,10,15,7,27,0
80,68,55,59,54,51,86,64,42,29.87,10,10,9,14,9,25,0
76,66,55,62,59,41,81,71,60,29.81,10,10,9,14,6,26,0.001
55,45,35,40,33,27,79,69,59,30.09,10,8,4,18,11,29,0.02
46,40,34,38,33,28,82,74,65,30.17,10,6,3,13,6,17,0
64,53,42,45,41,39,89,68,46,29.95,10,6,2,10,2,18,0.15
48,40,31,42,26,16,80,60,39,30.37,10,10,10,16,10,24,0
32,29,26,17,15,13,58,54,49,30.48,10,10,10,15,8,23,0
38,34,29,29,24,17,78,68,58,30.32,10,7,2,8,3,12,0
65,51,37,42,36,29,85,63,40,30.17,10,7,3,14,5,21,0
76,59,41,53,45,38,96,70,44,30.05,10,5,0,13,4,20,0
60,48,35,49,36,30,82,74,66,30.15,10,8,4,15,9,23,0.001
36,35,33,31,29,27,89,80,70,30.24,9,5,1,15,9,23,0.1
57,45,33,34,29,27,75,57,38,30.18,10,9,7,14,5,22,0
69,51,32,38,34,28,85,58,30,30.02,10,10,10,10,4,19,0
86,67,47,48,37,22,86,51,15,29.93,10,10,8,18,6,30,0
76,59,42,52,35,22,64,43,22,30.09,10,10,10,15,5,23,0
76,68,59,61,57,53,90,74,57,30.01,10,5,0,13,5,23,0
81,70,58,62,50,29,87,52,17,30.03,10,8,2,15,5,23,0
82,69,55,63,53,32,78,55,32,30,10,10,9,13,4,20,0
82,73,63,62,60,59,93,70,47,29.85,10,9,2,15,7,25,0
83,70,57,64,50,27,81,48,15,29.85,10,9,7,16,8,28,0
72,57,41,33,27,22,67,43,19,30.11,10,10,10,14,5,20,0
77,63,48,57,46,30,73,53,32,29.96,10,10,10,14,6,22,0
86,74,62,61,56,44,84,57,29,29.95,10,10,7,15,4,24,0
76,66,55,63,51,43,81,65,49,30.04,10,9,5,12,4,18,0
71,62,52,65,60,47,93,85,77,30.01,10,4,1,12,5,20,0.001
52,44,36,46,33,21,83,63,43,30.18,10,8,2,20,8,29,0.11
59,45,31,32,27,21,82,56,29,30.1,10,10,10,12,3,17,0
80,62,44,50,46,35,83,60,37,29.85,10,10,7,13,6,21,0
82,68,53,65,57,48,93,74,54,29.95,10,7,0,16,5,27,0
73,51,28,67,45,20,89,79,69,30.05,10,8,2,20,10,37,0.08
47,36,24,27,20,12,75,56,37,30.33,10,9,4,18,10,29,0.08
50,40,30,36,31,26,92,72,52,30.18,10,8,2,9,4,13,0.17
53,46,38,43,39,35,86,76,66,30.06,10,7,4,13,3,16,0
65,54,43,42,38,35,89,62,34,30.18,10,8,4,13,4,20,0
67,53,39,50,42,36,86,65,44,29.99,10,9,5,16,6,22,0
59,52,44,57,49,39,93,88,83,30.09,10,3,1,14,4,21,0.74
58,49,39,45,39,31,86,71,55,30.29,10,9,2,15,5,23,0.11
71,61,50,56,51,45,84,69,53,30.08,10,9,4,12,3,17,0.01
83,70,56,56,54,52,93,66,39,29.77,10,9,4,14,5,22,0
70,60,49,50,28,16,56,36,16,30.13,10,10,10,24,11,37,0
68,52,37,40,26,20,68,35,21,30.26,10,10,10,9,4,18,0
75,62,49,59,51,43,86,68,49,30.04,10,10,10,13,5,24,0
74,68,62,64,62,59,93,81,68,29.86,10,5,0,12,4,17,0.07
64,56,48,58,45,32,93,66,39,29.9,10,10,10,24,11,36,0
68,55,41,31,26,20,53,36,18,29.94,10,10,10,16,6,26,0
83,65,47,56,42,31,73,49,24,29.74,10,10,10,18,8,26,0
72,62,51,55,37,28,80,52,24,30.07,10,9,6,15,6,26,0
76,59,42,40,36,31,82,52,21,30.15,10,10,10,10,2,15,0
80,67,54,60,54,41,93,69,45,29.95,10,8,0,17,7,27,0
77,69,61,65,62,51,100,80,60,29.95,10,7,1,12,4,17,0
61,54,47,51,43,36,72,62,51,30.19,10,10,9,17,9,30,0
66,58,50,47,42,38,72,58,44,30.14,10,10,10,10,3,15,0
69,57,44,46,38,31,93,61,28,30.24,10,10,7,15,5,22,0
66,60,54,55,47,30,78,57,36,30.08,10,10,6,22,10,33,0.001
82,72,61,68,63,56,100,78,55,29.83,10,7,1,16,8,26,0.01
89,76,63,67,61,49,90,64,37,29.79,10,8,2,18,5,27,0
77,64,51,48,40,30,68,43,18,30.18,10,10,10,13,5,21,0
79,62,45,51,43,38,83,56,29,30.13,10,10,10,20,8,30,0
85,73,60,62,57,53,90,65,40,29.93,10,10,10,16,9,27,0
86,76,66,67,64,62,93,71,48,29.92,10,8,4,17,8,28,0
82,76,70,69,67,63,97,78,58,29.8,10,9,4,16,9,30,0.001
82,77,71,69,67,66,90,74,58,29.74,10,8,5,14,7,25,0.001
74,64,54,69,35,28,93,58,22,30.03,10,10,5,17,8,28,0.001
65,60,54,46,38,33,60,48,36,29.99,10,10,10,10,4,17,0.001
61,57,52,51,49,45,96,76,55,29.81,10,7,2,12,5,19,0.2
72,62,52,51,49,47,93,69,44,29.92,10,9,2,25,3,57,0.27
77,64,50,50,38,27,96,57,18,30.14,10,10,10,22,8,37,0
84,65,45,51,42,37,77,51,24,30.17,10,10,10,13,6,22,0
87,72,57,59,53,48,90,59,27,30.01,10,10,10,17,10,31,0
85,73,61,61,59,56,90,65,40,29.98,10,10,7,16,8,25,0
85,75,65,63,62,60,87,66,44,29.91,10,10,9,20,10,30,0
78,73,68,68,66,61,90,79,67,29.76,10,9,8,18,7,29,0.001
73,58,43,69,46,32,90,65,39,29.96,10,8,0,22,10,38,1.34
65,52,39,32,25,16,59,39,19,30.27,10,10,10,12,4,17,0
73,57,40,48,40,31,76,56,35,30.06,10,10,10,16,7,26,0
67,62,56,61,57,49,97,85,72,30.09,10,7,1,10,4,15,0.06
78,69,59,61,57,51,93,68,43,30.17,10,6,2,9,2,16,0.01
78,66,54,56,54,52,93,68,43,30.12,10,9,4,13,5,19,0
75,68,61,63,59,55,97,77,57,30.1,10,8,2,12,6,19,0
84,74,64,65,63,57,93,72,51,30.01,10,9,2,14,5,25,0.01
87,75,63,63,58,55,87,61,35,29.96,10,10,10,12,3,20,0
87,73,59,64,61,57,90,68,46,29.85,10,10,10,17,7,29,0
88,78,67,66,62,44,87,63,38,29.82,10,10,9,16,5,26,0
88,76,63,64,54,45,68,51,34,29.92,10,10,10,12,6,20,0
86,77,68,69,66,62,90,73,55,29.78,10,6,2,16,8,28,0.001
96,85,73,70,66,41,87,51,15,29.55,10,6,3,14,6,24,0
93,80,66,69,39,25,67,39,10,29.61,10,10,7,14,4,22,0
84,72,60,46,34,22,60,36,11,29.77,10,10,10,17,7,28,0
75,66,57,38,33,31,42,32,21,30.08,10,10,10,16,6,28,0
77,65,52,43,33,25,63,39,15,30.12,10,10,10,10,3,18,0
83,70,56,40,35,27,51,33,14,30.02,10,10,10,9,3,17,0
94,76,58,42,35,26,44,27,10,30,10,10,10,13,4,20,0
91,76,61,42,37,32,37,27,16,30.02,10,10,10,14,7,23,0
92,76,60,59,56,44,90,61,32,29.91,10,10,10,16,8,27,0
87,76,65,64,62,57,87,66,45,29.81,10,10,10,17,9,29,0
88,79,70,67,64,62,84,65,46,29.81,10,10,10,18,9,31,0
84,79,73,73,70,67,84,75,65,29.81,10,6,2,17,8,30,0.06
86,76,66,71,68,58,87,69,50,29.89,10,5,1,20,5,39,0.001
91,76,60,66,62,58,97,71,44,29.84,10,10,5,16,6,23,0
93,83,72,68,67,65,84,63,41,29.77,10,9,4,18,10,30,0
82,72,62,76,70,61,94,87,79,29.84,10,5,0,18,7,26,2.45
67,61,55,60,54,48,93,73,52,30.09,10,8,2,16,8,31,0.94
76,64,51,51,43,32,93,57,21,30.24,10,10,5,17,7,28,0.14
84,65,46,47,41,33,93,55,17,30.22,10,10,10,10,3,17,0
86,74,61,48,43,36,60,40,20,30.06,10,10,10,15,7,27,0
86,73,60,59,55,47,84,58,32,29.97,10,10,10,17,9,26,0
85,74,62,61,59,57,93,67,40,30.03,10,10,8,16,8,24,0
86,76,66,64,61,57,87,65,43,30,10,10,10,18,10,27,0
89,78,67,65,62,59,84,63,42,30.01,10,10,10,14,9,26,0
89,80,70,66,64,61,84,61,38,30.02,10,10,10,16,8,27,0
87,79,70,68,65,61,90,70,50,30.05,10,10,7,15,7,25,0.001
84,78,71,71,67,62,84,69,54,30.03,10,8,0,14,6,20,0.19
86,78,70,70,68,66,97,79,61,29.99,10,9,7,15,7,23,0.001
87,80,72,67,66,63,84,66,48,29.98,10,10,10,15,6,24,0.001
75,70,64,70,65,61,93,83,73,30,10,8,1,17,5,29,1.56
73,68,63,67,64,61,93,86,79,29.95,10,6,0,22,3,31,1.75
84,76,68,68,66,62,97,74,51,29.88,10,7,2,14,4,22,0
89,78,66,65,63,61,93,66,38,29.85,10,10,10,9,2,15,0
94,81,68,67,65,60,84,60,36,29.82,10,10,10,9,3,17,0
93,82,70,69,67,65,84,63,41,29.85,10,10,10,10,3,20,0
88,80,71,71,69,63,93,69,45,29.9,10,8,2,14,4,20,0
91,83,74,71,69,67,87,67,47,29.91,10,10,8,13,7,22,0
90,83,75,72,70,68,82,67,52,29.96,10,10,10,10,6,17,0.001
91,83,74,71,70,68,87,70,52,29.86,10,10,10,12,7,21,0
91,83,74,72,70,68,87,72,56,29.82,10,10,10,14,7,22,0
92,83,73,71,70,69,87,70,52,29.88,10,10,9,14,7,25,0
92,83,74,72,70,67,93,71,49,29.89,10,10,10,14,7,26,0
90,83,76,72,70,64,87,67,46,29.88,10,10,5,16,7,27,0.001
86,77,68,75,71,66,91,78,65,29.81,10,8,1,14,4,22,0.55
92,78,64,70,61,56,97,64,30,29.85,10,10,9,13,3,20,0
94,80,66,73,66,62,87,64,41,29.83,10,10,10,14,5,21,0
92,80,68,74,72,67,79,68,56,29.82,10,9,1,24,8,47,1.49
92,84,75,72,69,66,88,69,49,29.99,10,10,10,12,9,22,0
92,85,77,75,72,67,91,68,44,29.96,10,9,4,16,9,26,0.02
91,84,76,74,71,66,88,68,47,30,10,10,10,13,6,22,0.01
91,83,75,73,71,67,88,69,50,30.04,10,10,9,13,5,19,0
92,84,75,74,72,68,94,72,49,29.99,10,10,8,15,6,21,0.001
90,83,76,74,72,68,85,70,55,29.9,10,9,8,13,8,22,0.001
88,78,68,75,72,66,88,75,61,29.93,10,8,1,16,4,26,0.27
93,84,74,74,72,69,94,72,49,30,10,9,0,22,4,35,0.24
89,80,71,76,72,68,94,77,59,30.01,10,8,0,16,5,24,0.49
88,80,71,75,71,69,94,76,57,29.95,10,10,6,15,7,24,0.01
91,83,75,74,72,70,88,69,49,29.87,10,10,8,17,8,32,0.001
93,86,78,74,73,71,85,69,52,29.88,10,10,8,16,9,27,0.001
95,86,77,74,73,70,88,69,49,29.97,10,9,7,17,9,27,0
96,87,77,74,71,67,88,64,39,29.94,10,9,7,17,8,27,0
96,86,75,73,70,66,88,64,39,29.92,10,10,7,15,6,22,0
97,85,73,73,69,64,93,64,35,30,10,10,6,14,4,18,0
96,84,72,71,69,61,93,62,30,30.08,10,10,6,20,3,29,0.07
93,82,71,70,68,59,93,67,41,30.15,10,10,9,16,4,23,0
94,82,69,71,69,67,93,70,46,30.12,10,10,5,18,4,30,0
95,84,72,73,70,66,100,72,44,30.03,10,8,3,13,5,20,0
96,85,73,70,67,63,87,61,34,29.97,10,10,10,13,5,19,0
98,86,74,73,68,61,93,63,33,29.99,10,10,10,13,7,21,0
98,85,72,72,66,57,90,59,27,30,10,10,8,14,6,23,0
96,84,72,71,68,63,93,64,34,30.01,10,10,7,14,5,24,0
95,83,71,72,67,56,90,60,30,30.09,10,10,10,13,5,22,0
98,85,71,71,66,56,93,59,25,30.1,10,9,7,13,4,20,0
100,87,74,71,67,62,93,63,33,30.03,10,10,10,13,4,17,0
101,88,75,71,67,59,82,55,28,29.96,10,10,10,10,4,16,0
92,83,73,73,71,69,93,71,49,29.96,10,10,8,15,3,23,0.06
95,84,73,74,71,68,93,68,43,29.95,10,8,1,15,4,22,0.31
89,82,74,76,74,70,94,77,59,29.86,10,7,0,13,5,19,3.53
78,75,72,74,71,68,100,87,74,29.93,10,7,1,14,3,27,1.52
86,78,70,70,68,66,90,76,61,29.99,10,9,6,8,2,11,0
94,84,74,76,72,70,93,73,52,29.96,10,9,7,12,4,18,0
96,87,77,76,73,70,94,70,46,29.97,10,9,5,10,6,20,0
96,86,76,74,72,68,94,68,42,30.01,10,10,8,8,2,14,0
97,86,75,75,71,66,94,66,38,30,10,9,6,7,3,14,0
94,84,74,77,72,68,94,70,46,29.99,10,8,2,8,3,12,0.09
96,86,75,73,70,66,87,63,39,29.96,10,10,10,12,5,18,0
98,87,76,74,71,67,94,66,38,29.95,10,10,8,15,6,25,0
98,87,75,74,71,65,94,64,33,30,10,10,9,13,6,22,0
99,87,74,73,69,63,93,62,31,30.05,10,10,8,9,3,15,0
97,87,76,72,70,66,87,63,38,30.03,10,10,10,13,4,23,0
96,86,76,72,68,60,87,60,33,29.97,10,10,10,14,6,22,0
97,87,77,73,71,64,85,64,42,29.94,10,10,10,13,4,19,0
91,82,73,67,65,64,74,59,44,29.98,10,10,10,12,5,18,0
90,79,68,68,66,64,93,70,46,30.02,10,10,10,10,3,18,0
94,83,71,69,66,65,84,62,39,30,10,10,9,13,4,19,0
94,83,72,72,69,65,87,66,44,29.98,10,9,7,13,3,20,0
97,85,73,71,68,64,87,61,35,29.99,10,10,8,13,3,22,0
99,88,76,73,68,61,94,64,33,29.96,10,10,9,13,5,20,0
102,90,77,74,71,63,88,59,29,29.9,10,8,5,13,6,25,0
102,89,76,75,70,62,91,60,29,29.89,10,10,10,13,6,22,0
100,89,77,74,68,62,88,60,31,29.94,10,10,10,13,5,18,0
101,89,77,74,69,61,88,58,27,29.96,10,10,10,13,4,19,0
102,89,76,75,71,66,91,62,33,30,10,10,2,13,3,23,0.05
100,87,73,73,66,53,94,62,29,29.99,10,10,10,12,4,17,0
97,83,69,60,57,51,66,45,24,30.01,10,10,10,12,4,20,0
98,84,70,68,61,56,73,50,27,29.97,10,10,10,9,4,16,0
101,88,75,74,69,60,88,58,27,29.95,10,10,10,13,5,19,0
104,91,77,74,69,60,88,57,25,29.88,10,10,10,14,7,24,0
101,90,79,74,71,59,85,56,27,29.92,10,10,10,16,6,24,0
102,90,78,75,71,64,85,59,33,29.9,10,10,9,15,7,24,0
96,87,77,72,68,62,76,55,34,29.87,10,10,9,16,7,25,0
102,90,78,75,71,63,85,57,29,29.92,10,10,8,17,8,29,0
103,92,80,75,71,61,85,55,25,29.98,10,10,10,17,9,27,0
103,91,79,74,69,59,85,55,25,29.99,10,10,10,15,8,23,0
101,88,75,73,69,62,94,62,29,29.94,10,10,9,14,6,21,0
101,89,77,74,70,62,88,59,29,29.9,10,10,10,13,5,18,0
101,89,76,73,67,60,88,59,29,29.9,10,10,10,10,5,15,0
101,89,77,71,68,62,71,52,33,29.93,10,10,8,14,4,23,0.001
98,87,76,72,66,56,87,58,29,29.96,10,10,10,10,4,17,0
99,88,76,73,71,68,82,61,40,29.89,10,10,10,17,5,26,0
96,87,77,75,72,67,88,64,39,29.87,10,10,2,15,5,23,0.07
95,85,74,73,72,66,94,69,44,29.91,10,10,10,13,4,24,0
99,87,74,73,72,68,94,68,42,29.93,10,10,10,15,7,26,0
101,90,78,75,72,65,91,62,33,29.9,10,10,7,15,8,25,0
98,88,78,75,73,68,91,66,40,29.91,10,10,10,17,8,32,0.01
100,88,76,74,70,62,88,61,33,29.95,10,10,10,17,6,26,0
99,86,73,77,74,67,91,65,38,30,10,8,0,28,5,37,0.98
97,87,77,75,73,65,91,63,35,30.02,10,10,10,13,4,21,0.02
97,86,74,75,71,66,94,67,39,30.01,10,10,2,13,3,20,0.19
89,82,74,74,72,69,100,78,55,30.04,10,8,2,8,3,13,0.22
96,84,72,71,69,66,100,70,39,29.97,10,10,8,12,3,15,0
97,86,74,73,69,65,87,63,38,29.9,10,10,10,13,6,20,0
99,88,77,73,71,66,88,63,38,29.83,10,10,10,14,7,25,0
99,89,78,75,71,64,85,60,35,29.89,10,10,10,10,5,19,0
96,81,66,74,70,62,94,67,39,30,10,9,1,15,5,24,0.51
66,63,60,63,60,57,100,92,84,30.19,10,5,1,14,5,24,0.68
77,71,64,67,64,62,100,87,73,30.16,10,8,3,7,2,10,0
88,79,69,70,68,67,97,76,55,30.09,10,9,6,8,2,13,0
94,84,74,74,72,69,94,70,46,30.01,10,10,6,18,3,28,0.02
91,83,75,75,74,71,94,75,56,29.93,10,9,2,14,3,20,0.35
90,81,72,75,73,70,100,78,56,29.88,10,7,0,25,2,33,3.66
86,80,74,75,74,71,100,85,69,29.89,10,8,2,10,3,14,0.13
90,82,74,75,73,70,100,78,55,29.94,10,9,1,9,3,15,0.21
90,81,72,73,70,64,94,71,47,30.01,10,10,10,10,3,15,0
91,81,70,70,68,66,90,69,47,30.07,10,10,10,9,4,16,0
85,76,67,66,58,55,74,57,40,30.09,10,10,10,8,3,12,0
84,72,60,60,56,51,90,64,37,30.1,10,10,10,9,2,16,0
83,73,62,66,62,57,90,74,58,30.1,10,10,8,13,3,20,0.001
85,76,66,67,64,63,87,71,54,30.06,10,10,10,10,3,15,0
80,74,68,69,66,64,93,78,62,30,10,10,8,9,2,14,0.001
88,77,66,67,65,62,100,72,43,29.98,10,8,3,12,3,15,0
89,78,67,68,64,61,93,68,43,29.92,10,10,10,8,2,12,0
90,78,65,70,65,63,93,70,47,29.83,10,10,10,9,2,14,0
92,84,76,73,70,63,88,68,47,29.79,10,10,10,10,5,18,0
92,84,76,75,72,59,91,72,52,29.82,10,9,4,14,7,27,0.03
85,75,65,59,51,45,63,44,25,30.06,10,10,10,14,7,22,0
80,70,59,53,48,41,72,51,29,30.12,10,10,10,9,4,14,0
87,75,62,67,62,56,93,69,44,29.9,10,10,10,14,6,23,0
89,81,72,71,69,66,93,73,53,29.86,10,10,10,13,6,20,0
94,83,72,73,70,64,93,67,41,29.92,10,9,5,13,5,21,0
90,82,74,72,70,65,93,70,46,29.98,10,10,10,15,6,23,0
92,84,75,73,71,66,94,69,44,29.93,10,10,9,14,7,22,0.001
92,84,75,73,70,65,87,66,44,29.89,10,10,10,14,7,24,0
78,69,59,72,62,55,97,85,73,30.04,10,7,0,14,5,20,1.42
77,69,61,72,63,55,93,86,78,29.88,10,9,7,13,2,24,0.01
76,69,61,72,59,46,87,63,38,29.8,10,10,2,20,10,36,0.09
80,66,51,48,43,37,77,49,21,30.09,10,10,10,14,5,20,0
88,72,56,51,46,40,72,46,20,30.06,10,10,10,9,2,16,0
86,72,57,54,49,44,72,50,27,29.94,10,10,10,13,4,23,0
87,74,61,64,60,54,97,69,40,29.9,10,10,10,13,3,17,0
86,76,66,69,64,60,90,67,44,30,10,10,5,9,2,12,0
82,74,65,66,63,61,93,74,54,30.06,10,10,6,8,2,15,0
82,73,63,64,61,58,100,73,45,30.02,10,9,4,8,2,13,0
83,71,58,61,55,46,93,61,28,30.03,10,9,6,10,3,16,0
83,72,61,62,59,56,84,67,49,30.06,10,10,10,9,2,14,0.001
83,75,66,62,59,57,81,64,46,30.09,10,10,10,8,2,11,0.001
85,73,60,61,59,56,84,64,44,30.12,10,10,10,7,2,9,0
88,75,62,61,59,57,84,62,39,30.11,10,10,10,8,2,12,0
86,74,61,61,58,52,90,62,34,29.98,10,10,8,12,4,19,0
86,74,62,65,61,58,93,67,40,29.89,10,10,10,14,6,23,0
84,75,65,68,65,63,93,74,55,29.99,10,10,10,8,2,12,0
81,73,65,63,62,60,81,68,54,30.1,10,10,10,10,3,14,0
82,73,63,61,59,54,93,72,51,30.1,10,10,9,8,2,10,0.001
76,66,56,61,49,39,93,60,27,30.22,10,9,2,16,7,25,0.3
68,58,47,43,39,37,71,54,37,30.34,10,10,10,9,5,14,0
75,62,48,52,45,39,80,61,41,30.26,10,10,10,15,6,25,0
76,68,59,63,59,52,84,72,60,30.12,10,10,10,14,6,23,0.001
75,67,58,69,63,57,100,87,73,30.09,10,8,2,17,5,28,0.56
59,57,55,58,56,54,100,97,93,30.16,10,6,2,13,6,20,1.51
63,59,55,56,51,46,93,75,56,30.28,10,10,5,10,4,17,0.04
71,60,48,49,41,34,80,53,26,30.19,10,10,10,7,2,11,0
75,62,48,52,47,41,93,67,41,30.1,10,10,10,15,4,25,0
74,61,47,45,43,40,86,59,31,30.07,10,10,10,8,3,13,0
76,63,49,61,53,43,93,70,46,29.83,10,10,10,17,6,31,0
65,54,42,62,41,29,93,67,40,30.03,10,10,9,17,7,32,0
51,44,36,29,23,16,64,50,36,30.34,10,10,10,16,9,27,0
41,36,31,17,13,9,58,43,27,30.52,10,10,10,17,8,28,0
45,38,30,23,17,12,58,44,30,30.4,10,10,10,8,3,11,0
48,44,40,47,39,23,100,72,43,30.14,10,5,1,10,4,15,0.02
50,42,34,49,45,28,100,91,82,30,10,4,0,17,6,28,0.01
53,42,30,27,21,14,82,52,22,30.4,10,10,10,16,6,26,0
56,43,30,27,23,19,78,51,24,30.48,10,10,3,10,2,15,0
69,51,33,45,38,23,86,64,42,30.27,10,10,10,13,3,22,0
70,57,44,63,57,43,100,85,70,30.08,10,8,0,12,3,16,0.01
74,68,62,69,65,62,100,90,79,30.05,10,6,0,13,5,20,0.33
67,63,58,64,62,56,100,97,93,29.86,10,6,0,20,7,28,3.33
81,67,53,57,48,39,100,62,23,29.64,10,10,10,16,5,27,0
66,53,40,39,32,19,76,47,18,30.06,10,10,10,15,5,28,0
67,53,38,38,33,25,85,53,20,30.26,10,10,10,9,3,16,0
77,60,42,37,33,27,62,40,18,30.22,10,10,10,10,3,17,0
64,53,42,37,33,27,76,52,27,30.45,10,10,10,10,4,16,0
72,57,42,54,45,35,82,62,41,30.24,10,10,10,14,4,24,0
73,65,56,61,57,52,93,75,57,30.02,10,10,10,16,7,31,0
79,72,64,63,62,59,87,71,54,30.03,10,10,10,15,7,28,0
66,54,41,63,42,22,93,69,45,30.31,10,10,8,17,6,30,0
50,45,39,43,32,24,80,63,45,30.33,10,10,10,10,4,16,0
59,54,48,55,50,43,100,88,75,30.18,10,7,2,7,1,10,0
66,62,58,65,61,55,100,94,87,30.11,10,3,1,12,3,16,0.06
75,69,63,66,64,59,100,82,64,30.08,10,8,2,12,5,20,0.01
69,62,55,58,51,48,90,72,53,30.32,10,10,9,13,6,20,0
56,54,52,50,48,46,89,83,77,30.33,10,10,9,9,4,14,0
67,58,49,49,46,45,86,69,52,30.32,10,10,8,9,3,14,0
69,56,43,49,45,42,100,70,39,30.31,10,8,2,8,1,11,0
66,57,47,57,50,45,93,75,56,30.2,10,9,6,8,1,11,0.02
67,62,57,59,57,55,97,85,73,30.18,10,7,2,9,5,16,0.04
71,65,59,58,57,56,90,78,66,30.23,10,10,9,12,5,17,0.001
74,65,55,59,57,54,100,79,57,30.15,10,9,5,14,5,21,0
74,68,61,64,62,59,100,82,64,29.94,10,9,5,14,6,26,0.07
74,63,52,64,51,32,93,58,23,29.99,10,10,7,12,5,19,0
63,55,46,36,34,32,60,47,34,30.28,10,10,10,14,5,20,0
53,51,48,51,44,35,96,75,54,30.14,10,8,2,15,4,22,0.1
60,55,49,56,51,48,100,92,84,30.1,10,4,1,12,3,17,0.001
57,53,48,50,48,44,100,89,77,30.12,10,7,1,13,7,19,0.59
54,52,49,47,45,44,86,82,72,30.21,10,9,5,8,3,13,0
56,53,50,52,49,46,93,83,72,30.02,10,9,5,10,5,20,0
77,67,56,56,52,43,93,63,33,29.7,10,10,8,12,5,18,0
59,51,43,44,40,34,77,66,55,29.81,10,10,10,18,8,31,0.001
57,46,35,35,32,30,85,62,38,30.11,10,10,10,16,6,25,0
65,49,33,47,33,28,96,61,26,30.05,10,10,10,16,6,30,0
74,64,53,63,57,48,100,83,66,29.93,10,9,3,12,5,21,0.01
66,54,41,63,49,32,93,79,65,30.09,10,8,5,16,8,24,0.03
47,40,32,34,30,26,92,71,49,30.25,10,10,7,14,4,21,0.13
67,49,30,42,36,29,92,68,43,30.14,10,10,10,10,2,15,0
46,43,39,43,40,32,100,87,73,30.36,10,6,0,13,6,21,0
42,39,36,31,29,27,76,70,64,30.48,10,10,9,14,8,21,0.001
40,37,34,39,35,29,100,82,64,30.25,10,3,1,9,5,13,0.63
43,41,38,41,39,37,100,95,89,30.08,10,4,2,12,5,18,0.2
62,51,39,43,40,38,100,74,48,29.99,10,8,2,14,3,24,0.76
51,43,35,41,30,22,100,69,38,30.48,10,10,10,16,7,26,0
52,41,29,28,23,20,75,54,32,30.6,10,10,10,8,4,12,0
71,54,36,37,32,28,76,50,23,30.38,10,10,10,9,2,13,0
51,41,30,38,27,8,76,54,32,30.58,10,10,10,21,9,32,0
36,30,23,23,12,5,56,48,39,30.54,10,10,10,15,5,23,0.001
38,36,34,32,26,21,70,62,54,30.48,10,10,4,13,6,21,0.02
36,34,32,34,31,19,100,76,52,30.42,10,4,2,8,3,13,0.3
49,42,34,45,39,33,100,90,80,30.21,10,7,2,8,3,13,0.17
46,43,40,45,41,36,100,88,76,30.28,10,5,0,14,5,20,0
42,39,35,37,33,31,92,83,73,30.43,10,7,4,12,7,21,0
40,39,38,38,36,34,92,86,79,30.33,8,4,2,9,5,15,0
59,49,38,38,36,34,92,68,43,30.33,10,9,6,12,4,19,0
64,51,38,41,38,35,92,64,36,30.29,10,10,10,8,3,12,0
69,54,39,46,40,33,92,63,34,30.13,10,10,6,12,3,20,0
72,59,46,34,30,26,53,37,20,30.28,10,10,10,10,3,15,0
75,56,37,47,41,29,85,59,33,30.04,10,10,10,10,3,19,0
80,61,41,51,44,39,89,59,28,29.94,10,10,7,12,3,19,0
56,53,50,53,50,42,96,84,71,30.07,10,5,1,10,6,17,0.16
52,47,41,51,46,38,100,91,82,30.07,10,4,1,20,10,32,2.07
51,45,38,42,38,35,93,77,61,30.26,10,8,3,15,6,23,0.4
63,50,36,41,36,31,92,62,32,30.2,10,10,10,13,4,21,0
73,57,40,40,34,29,85,53,20,30.11,10,10,10,13,6,20,0
74,60,46,43,37,32,61,43,25,30.21,10,10,10,10,5,17,0
83,67,51,45,40,36,71,47,23,30.15,10,10,10,14,6,24,0
81,62,42,49,42,37,96,60,23,30.12,10,10,10,14,4,22,0
79,66,52,55,49,34,100,68,35,30.22,10,10,6,16,4,25,0.001
58,53,48,39,36,33,63,52,40,30.37,10,10,10,14,6,23,0.001
62,56,49,61,51,37,100,80,59,30.04,10,5,1,15,4,21,0.31
73,59,44,61,54,30,100,77,53,29.98,10,8,4,17,7,28,0.02
49,41,33,30,24,19,62,48,34,30.35,10,10,10,15,6,22,0
43,42,40,42,37,28,96,76,55,30.27,10,6,2,8,2,11,0.26
55,49,42,50,45,41,100,92,83,30.13,10,5,1,8,2,13,0.06
52,45,38,48,35,31,92,77,62,30.38,10,10,5,16,7,26,0.001
60,49,37,42,38,33,86,69,51,30.37,10,10,7,10,3,16,0
69,55,40,53,46,39,93,71,49,30.08,10,8,4,13,5,21,0
78,68,58,57,56,50,93,72,50,29.9,10,10,8,14,6,26,0
83,68,52,50,44,38,77,49,20,30.07,10,10,10,9,3,13,0
81,64,46,49,44,40,86,57,28,29.99,10,10,10,10,4,18,0
78,65,51,53,49,40,100,64,27,30.03,10,7,1,16,5,26,0
62,53,44,40,34,31,65,51,36,30.35,10,10,10,16,7,27,0
70,55,39,44,38,32,79,58,37,30.31,10,10,10,10,2,15,0
78,63,48,53,47,43,86,60,33,30.22,10,10,10,9,3,14,0
68,63,57,62,58,52,87,80,73,30.02,10,10,7,10,5,19,0.001
66,51,36,61,39,28,93,79,64,30.03,10,8,2,17,9,28,0.01
55,45,34,33,27,23,82,59,35,30.25,10,10,10,13,7,22,0
66,49,32,34,29,25,89,56,22,30.31,10,10,10,13,4,18,0
70,54,38,49,40,31,85,61,37,30.25,10,10,10,14,5,28,0
75,65,54,60,56,49,86,72,57,29.92,10,10,9,16,9,31,0
78,67,55,61,56,45,87,69,50,29.88,10,10,9,14,6,25,0
56,47,37,52,44,33,93,80,66,30.14,10,8,2,20,7,30,0.02
37,34,30,32,29,26,92,87,82,30.45,10,7,2,17,9,24,0.01
37,34,30,34,29,26,92,84,76,30.24,10,8,2,9,4,15,0
63,49,35,36,34,28,100,64,27,29.94,10,8,3,13,3,21,0.01
52,43,33,37,31,21,96,74,52,30.19,10,10,5,15,7,24,0
36,34,31,30,25,19,92,72,52,30.38,10,8,2,13,7,21,0.01
36,34,31,34,31,26,100,93,85,30.31,10,5,2,10,5,17,0.1
43,39,35,41,38,34,100,95,89,30.29,8,4,2,10,6,16,0.09
45,42,38,42,40,37,100,95,89,30.28,10,5,1,10,4,15,0.02
63,52,41,59,49,41,100,95,90,29.98,5,2,0,8,1,13,0.01
70,52,34,67,56,32,100,95,89,29.9,10,4,0,21,6,36,0.15
47,39,31,32,25,18,89,61,33,30.45,10,9,2,20,10,33,0.13
57,42,26,29,23,19,81,54,27,30.56,10,10,10,8,2,13,0
60,49,38,37,30,24,82,56,29,30.4,10,10,10,10,2,13,0.001
54,51,47,51,48,37,100,69,38,30.17,10,3,1,12,3,16,0.45
55,52,49,52,49,48,100,97,93,29.96,10,5,1,8,4,13,2.17
63,57,50,52,50,49,96,78,60,30.04,10,10,10,9,4,14,0
59,57,54,51,50,49,86,79,72,30.2,10,10,10,13,6,20,0
73,63,52,55,52,49,96,73,49,30.1,10,10,9,13,5,18,0.02
78,66,53,54,52,46,100,68,36,30,10,8,1,12,3,18,0
78,66,53,53,49,44,89,61,33,30.1,10,10,10,15,6,23,0
69,60,51,54,51,48,89,72,55,30.26,10,10,10,12,3,16,0
77,65,52,62,56,51,100,73,46,30.21,10,9,4,10,3,17,0
77,70,63,66,63,61,100,82,64,30.11,10,8,4,9,3,16,0.01
81,71,60,65,61,58,93,74,54,29.99,10,10,8,13,4,20,0.13
83,73,63,66,64,61,100,79,58,29.95,10,8,2,12,5,17,0
71,64,57,67,61,55,93,89,84,30.09,10,6,0,15,4,22,1.17
61,58,55,58,56,54,100,95,90,30.08,10,7,2,10,4,17,0.43
78,68,57,59,57,55,100,75,50,30.03,10,10,7,9,4,15,0
80,66,52,59,56,51,100,73,45,30.06,10,10,6,9,3,14,0
83,71,59,62,60,57,97,72,47,29.97,10,10,9,14,7,22,0
84,73,62,63,61,59,93,72,51,29.91,10,10,10,16,8,27,0
70,62,54,65,48,33,93,62,31,30.03,10,9,2,20,10,29,0.05
82,64,46,44,36,29,71,44,16,30.15,10,10,10,13,4,19,0
84,66,48,49,44,40,86,54,22,30.08,10,10,10,13,5,24,0
84,71,57,60,56,50,93,67,40,30.06,10,10,10,17,8,28,0
80,72,64,64,62,60,93,76,58,30.11,10,10,9,12,5,18,0
82,74,66,66,62,59,93,74,54,30,10,10,7,13,7,20,0
83,76,68,67,65,61,90,71,51,29.92,10,9,4,14,7,25,0.001
84,76,68,68,66,63,90,76,62,29.9,10,8,6,15,8,26,0
86,76,66,68,62,48,90,67,43,29.98,10,8,4,17,7,27,0
69,63,56,48,44,37,61,53,44,30.24,10,10,10,17,8,32,0
69,64,59,64,59,48,100,78,56,30,10,5,1,10,4,16,0.02
85,75,65,67,65,64,100,76,51,29.94,10,8,2,14,7,24,0
87,78,68,67,65,62,90,71,51,29.96,10,10,8,16,8,26,0
79,74,69,69,67,65,90,81,71,29.92,10,9,6,16,8,29,0.001
87,79,70,71,67,65,90,73,55,29.86,10,9,7,15,7,27,0
74,65,56,68,53,47,93,70,47,30.08,10,10,10,14,5,26,0.09
70,65,59,66,62,53,100,86,72,30.04,10,5,1,7,3,12,0.001
82,75,67,69,67,65,100,81,62,29.91,10,5,0,13,5,19,0.01
87,76,64,70,65,54,100,67,34,29.86,10,8,2,13,4,19,0.09
77,67,57,61,55,49,87,67,46,30.04,10,10,10,12,6,20,0
83,69,54,65,56,50,93,69,45,29.97,10,10,10,14,4,20,0
81,74,67,70,66,64,93,78,62,29.91,10,9,4,17,4,27,0.01
75,71,66,70,65,61,93,81,69,29.92,10,8,2,12,4,18,0.41
77,66,54,66,63,53,100,82,64,29.87,10,8,0,28,4,43,0.57
89,73,57,69,58,39,100,60,20,29.8,10,7,0,15,6,25,0
73,64,54,48,43,36,64,48,32,29.98,10,10,10,15,6,25,0
81,66,51,63,53,47,89,66,43,29.95,10,10,10,13,5,22,0
81,74,67,68,65,63,93,79,64,29.89,10,10,7,16,7,23,0.001
85,77,68,72,69,66,100,85,69,29.87,10,8,1,10,4,16,0
85,77,69,74,72,69,100,85,69,29.82,10,6,1,14,5,23,0.43
93,82,70,73,64,46,100,61,21,29.74,10,7,2,12,5,20,0.04
86,78,69,72,69,63,93,77,61,29.65,10,8,1,18,8,32,0.08
85,74,63,70,62,52,100,66,32,29.68,10,9,1,17,4,37,0.56
65,59,53,59,52,47,84,74,64,29.98,10,10,10,17,8,26,0
77,63,49,48,45,41,93,61,29,30.05,10,10,10,12,5,19,0
83,67,50,51,49,47,89,60,31,29.99,10,10,8,10,3,14,0
84,70,55,56,52,50,86,60,33,30.02,10,10,10,10,2,15,0
83,71,58,55,53,51,80,58,36,30.02,10,10,10,13,4,20,0
84,71,58,62,58,55,93,67,40,29.98,10,10,10,15,6,23,0
84,75,66,66,63,59,93,71,49,30.02,10,10,4,16,8,26,0
83,75,66,70,67,62,100,77,54,29.95,10,6,0,20,7,28,3.84
87,79,71,71,69,68,93,74,55,29.91,10,8,3,14,8,23,0.01
83,78,73,73,71,69,87,81,74,29.87,10,9,2,17,9,26,0.02
79,76,73,75,73,70,93,88,82,29.87,10,5,1,13,6,19,0.29
85,79,72,73,71,69,93,79,65,29.82,10,7,2,17,9,31,0.02
87,82,76,72,71,69,87,71,55,29.8,10,9,7,17,10,29,0
79,74,68,73,67,61,94,78,62,29.99,10,7,1,12,5,20,0.4
69,67,65,67,65,63,100,91,81,30.14,10,8,1,10,5,17,0.23
70,67,64,70,66,64,100,97,93,30.08,10,5,0,14,4,26,1.12
87,78,68,74,71,66,100,83,65,30.03,10,6,1,15,5,24,0.08
77,72,67,71,68,65,100,87,74,29.95,10,8,1,13,4,20,0.36
87,77,67,73,70,65,97,79,61,29.85,10,9,6,18,9,30,0
84,75,66,72,68,65,100,83,65,29.94,10,6,1,22,5,35,2.6
88,81,73,75,72,70,93,77,61,30.03,10,9,3,12,5,20,0
89,82,74,75,72,69,87,73,59,29.99,10,8,5,17,8,28,0.001
89,81,72,76,72,70,94,75,56,29.94,10,8,1,13,5,21,0.33
76,69,62,74,63,59,94,84,73,30.08,10,10,7,15,6,24,0.02
77,70,62,71,67,61,100,91,82,30.08,10,6,1,10,4,17,0.03
87,77,66,74,71,66,100,83,65,30.02,10,6,0,18,7,32,1.41
82,73,64,70,68,63,93,81,69,29.89,10,10,5,8,6,17,0.76
82,74,66,74,69,66,100,87,74,29.84,10,7,0,16,5,29,5.2
89,78,66,75,69,64,100,80,59,29.95,10,6,2,13,6,20,0
85,76,67,75,70,64,94,82,69,30.03,10,9,6,12,5,18,0.001
87,78,69,79,73,70,94,80,65,30.01,10,8,2,15,6,25,0.2
89,77,64,73,66,63,100,76,51,29.95,10,8,1,21,5,33,0.67
88,79,70,70,68,64,93,74,55,30,10,10,8,12,2,16,0.001
86,77,67,67,64,61,90,67,44,30.06,10,10,10,9,2,16,0
88,76,64,66,65,63,93,70,46,30.03,10,10,9,8,2,12,0
90,79,67,70,66,64,93,70,46,29.96,10,10,10,9,2,16,0
89,78,67,70,66,64,90,69,47,29.91,10,10,10,13,5,20,0
88,78,68,70,66,63,90,68,45,29.95,10,10,10,12,4,16,0
90,80,69,72,68,66,97,72,47,30,10,10,10,12,4,17,0.001
90,80,70,70,67,64,97,72,46,29.97,10,10,10,9,3,14,0
91,81,70,70,67,64,97,71,44,29.94,10,10,10,12,4,17,0
93,82,71,71,68,64,93,67,41,29.95,10,10,10,9,3,13,0
95,84,72,70,67,61,87,60,33,29.89,10,10,10,8,3,13,0
93,83,72,70,68,66,79,62,44,29.83,10,10,10,10,4,16,0
94,84,73,72,70,69,93,71,49,29.8,10,10,10,15,7,25,0
93,84,75,75,73,71,88,70,52,29.82,10,10,10,13,6,20,0.01
95,85,75,74,72,69,94,70,46,29.84,10,10,10,18,7,29,0.001
86,79,72,76,73,71,100,87,74,29.89,10,8,0,13,6,22,1.34
89,82,74,76,73,69,100,78,55,29.93,10,9,2,16,4,24,0.19
83,78,73,75,73,70,94,84,74,29.9,10,8,0,15,7,25,1.34
89,81,72,77,74,71,100,83,65,29.85,10,7,0,23,5,15,2.66
90,82,73,75,73,70,100,82,64,29.95,10,10,7,12,4,21,0
84,78,71,76,73,70,94,87,79,30.02,10,8,0,13,1,22,1.09
83,78,72,77,73,70,100,90,79,30.02,10,8,0,17,3,26,0.49
86,79,72,78,75,70,100,85,70,30.03,10,7,0,17,4,29,0.93
89,81,72,77,74,71,100,84,68,30.06,10,9,6,10,5,17,0
92,84,75,76,73,71,94,73,52,30.1,10,10,10,13,5,20,0
92,83,74,74,73,70,100,78,56,30.12,10,10,10,12,3,16,0
93,83,73,74,72,70,100,76,52,30.06,10,10,10,12,4,17,0
93,85,76,74,73,70,94,73,52,29.98,10,10,10,10,6,18,0
91,83,74,75,73,70,94,75,56,29.99,10,10,6,14,1,22,0.01
91,82,73,75,73,70,94,73,52,30,10,9,2,13,2,17,0.08
93,84,74,74,72,70,100,75,49,29.97,10,9,5,10,5,18,0
94,84,73,76,73,71,100,76,52,30.01,10,7,0,14,4,26,0.75
91,81,71,75,71,69,93,78,63,30.01,10,10,10,17,4,31,0.001
91,81,70,73,71,69,100,78,56,29.98,10,10,6,16,6,29,0.001
91,84,76,74,72,69,88,69,49,29.96,10,9,7,12,6,19,0.001
92,84,76,74,73,72,94,73,52,29.98,10,10,9,14,7,22,0
91,84,76,75,73,71,94,75,56,30,10,10,8,14,7,26,0
91,84,77,74,72,69,88,72,55,29.99,10,9,7,16,8,28,0
91,85,78,75,73,70,85,71,56,29.95,10,10,8,16,8,28,0.001
91,85,78,74,72,69,85,69,52,29.98,10,9,6,18,8,29,0
93,85,76,74,71,66,88,65,41,30.03,10,9,6,16,8,24,0
94,84,74,74,70,64,94,68,41,30.06,10,9,6,13,6,21,0
93,83,73,73,70,66,94,69,44,30.1,10,10,8,14,5,19,0
94,84,74,73,71,68,87,67,46,30.05,10,10,10,12,5,19,0
96,86,75,73,71,68,94,69,43,29.93,10,10,9,13,5,19,0
97,86,74,72,69,62,87,61,34,29.87,10,10,10,10,6,18,0
95,85,75,72,70,66,87,64,41,29.91,10,10,10,13,6,19,0
95,85,74,72,70,67,93,69,44,29.95,10,10,4,12,6,19,0
96,86,76,74,72,69,88,66,43,29.94,10,10,10,13,7,21,0
98,88,77,74,72,69,88,65,42,29.96,10,10,10,14,7,23,0
97,87,76,74,72,68,88,65,42,29.97,10,10,10,13,6,22,0
97,86,74,73,71,67,94,66,38,29.93,10,10,8,12,5,19,0
97,86,75,73,71,66,94,66,38,29.88,10,10,8,13,6,19,0
97,87,77,74,72,68,85,64,42,29.89,10,10,10,13,7,23,0
99,88,77,73,70,65,88,62,35,29.95,10,10,10,14,7,24,0
99,88,77,74,71,68,85,62,38,29.98,10,10,10,13,6,20,0
98,87,75,73,70,66,94,66,38,29.95,10,10,10,12,5,19,0
98,87,76,75,72,68,94,67,40,29.89,10,9,6,12,6,17,0
100,89,77,75,72,66,88,62,35,29.9,10,9,5,13,6,20,0
100,89,77,75,71,65,91,63,35,29.93,10,9,6,14,8,25,0
101,89,76,74,71,65,88,61,33,29.99,10,10,10,12,6,18,0
101,88,75,71,66,60,82,55,27,30.01,10,10,10,10,2,16,0
102,90,78,70,68,62,69,52,35,29.97,10,10,10,13,4,21,0
99,86,73,64,61,56,68,47,25,29.94,10,10,10,10,3,17,0
100,88,75,66,61,58,69,48,26,29.88,10,10,10,10,3,16,0
99,87,75,69,64,60,79,54,29,29.86,10,10,10,13,4,17,0
100,89,77,74,70,66,88,62,35,29.9,10,10,10,12,6,22,0
101,90,78,75,71,64,85,59,33,29.93,10,10,10,13,7,21,0
102,90,77,73,71,65,85,59,33,29.89,10,10,10,13,7,22,0
101,89,76,73,70,66,88,61,33,29.87,10,10,10,13,6,22,0
103,90,76,73,73,72,100,66,31,29.86,10,10,10,20,10,24,0
105,92,79,69,68,66,55,43,31,29.95,10,10,10,13,3,20,0
104,91,78,70,67,63,74,51,27,29.94,10,10,10,10,3,19,0
101,90,78,74,69,65,85,58,31,29.95,10,10,10,10,4,17,0
98,89,79,73,66,56,74,54,33,29.96,10,10,10,10,3,16,0
98,87,75,70,67,61,82,58,33,29.93,10,10,8,13,4,19,0
98,86,74,71,68,64,87,61,35,29.91,10,10,9,12,4,17,0
99,88,76,73,70,65,88,62,35,29.84,10,10,10,14,7,23,0
99,89,78,74,72,67,85,62,39,29.8,10,10,10,13,6,20,0
84,79,73,74,71,66,94,78,62,29.94,10,8,1,13,4,22,0.35
92,82,72,74,71,67,93,73,52,29.96,10,9,4,14,5,23,0.001
99,87,75,75,73,65,94,65,35,29.92,10,10,10,13,6,22,0
101,89,76,76,72,65,94,64,33,29.97,10,10,10,12,5,18,0
101,89,76,73,68,62,87,58,29,30,10,10,10,9,2,15,0
101,89,77,71,68,65,79,56,33,30.01,10,10,10,12,3,23,0
98,86,73,71,68,64,87,62,36,30.05,10,10,10,8,3,13,0
98,86,74,72,64,56,87,56,25,30.01,10,10,10,12,4,18,0
98,85,72,65,60,57,73,50,27,29.95,10,10,10,12,4,18,0
95,83,71,65,63,60,79,55,31,29.98,10,10,10,9,3,15,0
96,86,75,67,65,62,74,55,36,29.97,10,10,10,10,3,17,0
97,86,74,72,67,61,87,59,30,29.97,10,10,10,16,5,24,0
94,84,74,72,69,63,87,64,41,30,10,10,10,14,5,21,0
95,83,71,70,67,64,90,65,39,30.01,10,10,10,12,4,19,0
94,84,73,71,69,65,87,64,41,29.92,10,10,10,13,3,19,0
100,88,75,74,72,66,88,62,35,29.91,10,10,10,14,6,23,0
101,90,79,77,73,66,91,62,33,29.95,10,10,10,16,7,24,0.01
100,88,76,75,71,65,94,63,31,29.95,10,10,8,12,6,19,0
100,88,76,74,70,64,88,61,33,29.91,10,10,10,13,6,20,0
99,88,76,74,71,65,88,61,33,29.89,10,10,10,10,5,16,0
93,84,74,75,73,68,100,74,47,29.91,10,8,1,10,3,17,1.05
96,84,72,76,73,68,100,71,42,29.91,10,7,0,16,2,25,0.79
93,84,75,75,73,68,94,72,49,29.92,10,8,4,12,3,20,0.001
91,80,69,72,57,46,87,55,23,30.02,10,10,10,13,5,20,0
91,77,63,58,51,47,73,49,24,30.02,10,10,10,13,4,20,0
90,77,64,68,57,51,79,53,27,30.01,10,10,10,12,5,17,0
95,84,73,72,70,68,87,67,46,30.02,10,10,7,16,5,26,0.001
93,84,75,74,72,69,94,72,49,30.05,10,9,2,13,6,19,0.04
96,86,75,73,71,65,94,67,39,29.99,10,10,10,13,6,18,0
96,86,75,73,70,61,94,64,33,29.88,10,10,10,12,6,18,0
96,85,74,73,68,53,94,60,26,29.92,10,10,10,9,3,14,0
97,84,70,67,64,61,79,56,33,29.98,10,10,10,10,4,17,0
94,81,68,69,62,53,90,58,26,29.99,10,10,9,10,2,15,0
95,82,69,64,58,52,73,49,24,29.99,10,10,10,10,2,16,0
96,84,72,67,64,60,79,58,36,30,10,10,10,12,2,19,0.001
95,82,68,65,59,51,84,54,24,29.93,10,10,10,12,3,21,0
95,81,67,67,59,52,76,50,24,29.87,10,10,10,13,2,22,0
89,79,69,66,63,60,90,64,38,29.83,10,10,7,12,3,17,0
94,81,67,66,64,62,87,63,38,29.86,10,10,10,10,2,17,0
95,83,70,65,62,58,84,56,28,29.94,10,10,10,10,2,16,0
94,82,69,63,60,57,73,52,30,30,10,9,1,12,4,17,0
89,78,67,58,50,40,68,45,22,29.97,10,10,10,12,5,18,0
87,72,56,45,43,40,57,40,22,29.88,10,10,10,8,3,14,0
87,73,59,50,47,44,67,45,23,29.95,10,10,10,8,2,14,0
85,76,67,56,52,48,57,45,32,30.03,10,10,10,9,2,13,0
90,77,63,56,53,49,63,44,24,30.07,10,10,10,8,3,12,0
91,77,62,63,58,53,72,54,36,30.02,10,10,10,12,3,15,0
91,80,68,69,64,59,90,64,38,30,10,10,10,10,3,20,0
88,80,72,66,64,62,79,62,45,30.07,10,10,9,8,2,11,0
90,79,67,62,59,58,78,56,34,30.11,10,10,10,10,3,16,0
95,80,64,64,61,59,78,55,31,29.92,10,10,10,13,4,21,0
99,86,72,73,67,64,90,62,33,29.78,10,9,5,13,6,23,0
94,79,64,73,45,28,79,45,10,29.96,10,10,10,12,5,20,0
96,78,60,49,41,35,60,36,12,30.03,10,10,5,9,3,15,0
95,79,63,67,56,46,87,55,23,30.06,10,10,7,12,4,21,0
90,76,62,66,56,48,93,60,26,30.15,10,10,10,12,2,16,0
88,75,62,54,48,42,67,46,25,30.22,10,10,10,9,4,16,0
84,71,57,42,35,29,51,33,14,30.27,10,10,10,9,4,14,0
86,70,54,53,45,38,67,46,25,30.19,10,10,10,12,4,18,0
87,73,58,68,58,52,86,61,35,30.08,10,10,10,13,4,20,0
86,79,72,70,68,65,90,71,51,30.06,10,10,9,16,8,24,0.001
82,76,70,74,70,67,100,85,69,29.97,10,7,2,16,7,25,0.16
80,76,71,76,73,69,100,91,82,29.89,10,7,1,21,6,32,0.43
76,68,60,74,66,60,100,94,87,29.9,10,4,1,17,9,26,4.79
64,61,57,58,57,55,100,89,78,30.02,10,8,3,17,9,31,0.65
79,69,58,57,54,50,78,62,45,29.97,10,10,10,15,6,23,0
84,71,58,56,53,47,93,61,28,29.85,10,10,10,8,3,14,0
82,70,58,54,50,45,78,53,28,29.85,10,10,10,18,4,31,0
81,66,51,64,54,49,96,66,35,29.89,10,10,10,12,4,18,0
75,71,67,73,70,65,100,90,79,29.73,10,4,0,29,8,42,4.93
77,71,65,73,65,59,100,82,64,29.75,10,8,1,16,4,27,0.89
75,67,59,59,57,53,97,75,53,29.96,10,10,5,8,3,12,0.07
79,68,57,60,58,55,100,75,50,29.98,10,5,0,10,3,14,0
80,69,57,62,59,55,100,74,47,30.01,10,7,0,10,3,14,0
78,70,61,68,64,59,100,82,64,30.02,10,9,5,13,5,20,0.001
85,79,72,74,72,69,100,83,65,29.97,10,9,2,12,6,19,0.05
76,68,59,71,54,43,87,62,37,30.06,10,10,10,14,3,20,0.02
63,60,56,57,54,43,100,79,57,30.17,10,8,0,17,8,28,0.53
71,62,53,47,43,41,72,56,39,30.23,10,10,10,13,5,20,0
73,63,52,55,50,44,83,66,49,30.12,10,10,10,6,1,9,0
74,67,60,67,63,55,90,82,73,30.02,10,10,10,12,4,20,0
85,77,69,71,64,27,93,62,31,29.87,10,10,10,13,7,25,0
71,64,56,41,36,27,51,36,20,30.19,10,10,10,16,6,27,0
65,61,56,43,39,37,57,47,37,30.28,10,10,10,7,4,14,0
65,60,54,52,46,40,83,66,48,30.3,10,10,6,8,3,11,0.01
70,62,54,62,53,46,87,73,58,30.18,10,10,10,9,4,17,0
75,70,65,71,67,63,100,92,84,29.85,10,8,2,16,7,28,0.01
75,61,47,70,55,42,93,69,44,29.66,10,8,1,18,4,30,1.03
72,58,43,45,42,39,93,64,35,29.86,10,10,10,9,2,15,0
79,63,46,51,46,41,86,59,32,30.08,10,10,10,8,1,11,0
77,65,52,61,55,49,93,67,40,30.03,10,10,10,12,4,17,0
66,54,41,63,47,25,93,63,32,30.12,10,10,7,22,7,35,0.001
59,47,34,33,29,26,82,56,30,30.32,10,10,10,8,2,13,0
63,48,32,41,33,29,92,61,30,30.29,10,10,10,9,2,14,0
64,56,47,58,50,42,80,74,67,30.14,10,10,10,9,3,16,0
74,68,62,64,61,58,93,77,61,30.07,10,10,5,14,5,22,0.001
74,71,68,71,69,63,100,91,81,30.1,10,8,2,14,7,20,0.26
74,58,41,71,58,39,100,94,87,30.14,10,6,0,15,7,22,1.46
44,42,39,42,39,38,100,91,82,30.23,10,9,4,13,7,19,0.25
47,45,42,44,42,40,96,91,86,30.18,10,8,2,9,4,15,0.04
55,50,45,48,45,43,100,86,72,30.06,10,10,4,7,2,11,0
59,53,46,46,43,39,93,72,51,30.05,10,10,10,7,2,12,0
68,55,42,48,40,31,100,65,29,30.18,10,10,0,9,3,14,0
63,52,40,38,37,35,86,61,36,30.38,10,10,10,8,1,12,0
63,50,37,43,38,35,92,66,39,30.45,10,10,10,9,2,13,0
65,51,37,43,39,35,92,66,40,30.43,10,10,10,9,2,14,0
70,57,44,51,46,42,93,71,49,30.4,10,10,9,10,2,16,0
69,57,44,47,43,40,92,64,35,30.27,10,10,4,7,1,12,0
75,59,42,54,48,41,96,70,43,30.03,10,10,8,12,3,21,0
76,62,47,50,47,41,93,61,29,29.98,10,10,8,8,2,13,0
78,65,51,62,58,46,100,78,56,29.86,10,8,2,10,4,19,0
79,66,52,65,61,51,100,79,58,29.83,10,6,0,14,6,23,0
75,73,70,70,67,65,90,85,79,29.75,10,9,6,17,9,29,0.01
74,60,46,69,52,43,96,84,72,29.7,10,6,1,23,4,37,1.54
75,59,42,46,41,35,89,57,25,29.78,10,10,10,10,3,18,0
75,64,53,65,60,45,100,86,71,29.72,10,10,8,9,4,16,0
63,55,46,39,29,25,53,40,27,29.92,10,10,10,15,8,26,0
68,54,39,37,31,23,79,54,28,30.08,10,10,10,14,4,25,0
58,46,34,35,31,27,76,55,33,30.37,10,10,10,13,3,24,0
66,51,36,48,40,32,92,68,44,30.4,10,10,10,13,4,20,0
67,59,51,62,56,48,100,89,78,30.12,10,10,5,13,5,25,0.001
76,65,54,64,61,51,93,79,64,29.96,10,9,5,8,2,15,0
79,64,49,66,57,46,93,69,45,29.7,10,10,10,13,5,20,0
81,67,53,66,54,40,93,59,25,29.57,10,9,3,15,3,24,0
74,63,52,63,56,46,93,81,68,29.84,10,9,4,10,1,16,0
70,61,51,66,53,43,93,77,61,29.95,10,9,6,9,2,17,0
78,74,70,70,69,68,93,85,76,29.72,10,9,5,21,10,31,0.1
73,55,36,69,47,33,93,89,84,29.68,10,8,1,21,10,33,1.32
46,41,36,34,30,28,92,75,58,29.94,10,10,10,21,8,35,0.001
49,43,37,43,36,32,92,74,56,30.09,10,8,3,8,3,11,0.03
57,49,41,44,42,39,100,80,59,30.23,10,7,3,9,4,14,0.001
53,46,39,40,39,37,93,78,63,30.32,10,10,10,13,6,20,0
62,52,41,43,39,32,96,70,43,30.3,10,10,10,9,3,14,0.001
58,48,37,33,31,30,79,58,36,30.33,10,10,10,9,4,13,0
56,46,36,40,36,32,85,68,51,30.28,10,10,10,9,3,12,0.001
53,50,46,52,47,41,100,86,71,30.05,10,5,1,9,3,13,0.13
73,61,49,53,50,46,100,71,41,29.9,10,5,0,9,2,13,0
66,55,44,57,50,43,100,86,72,29.79,10,7,2,13,3,18,0
58,48,38,44,34,28,71,59,46,30.02,10,10,10,18,9,30,0
50,42,33,28,26,25,82,61,39,30.3,10,10,10,12,4,16,0
56,45,34,32,28,25,82,59,35,30.26,10,10,10,7,1,9,0
66,50,34,39,34,29,89,58,27,30.28,10,10,10,10,2,16,0
66,52,38,42,39,36,92,68,43,30.17,10,10,10,10,2,17,0
70,59,47,55,50,40,93,75,57,29.91,10,10,10,12,3,19,0
70,59,48,53,39,29,93,58,22,29.79,10,10,10,10,3,17,0
64,54,43,43,37,33,76,61,46,29.96,10,10,10,20,5,29,0.001
57,45,32,35,32,30,89,65,41,30.19,10,10,10,12,3,18,0
59,48,36,38,36,33,92,70,47,30.32,10,10,10,8,2,12,0
69,56,43,51,47,41,100,78,55,30.19,10,7,2,14,4,26,0
57,51,45,51,39,31,89,70,50,30.1,10,10,9,12,4,17,0
64,54,43,56,46,27,100,66,32,30,10,6,1,22,7,36,0.01
54,46,37,30,29,28,70,56,41,30.31,10,10,10,18,8,26,0
57,44,31,32,30,27,85,61,36,30.28,10,10,10,8,3,12,0
70,53,35,52,41,31,82,61,40,30.03,10,10,10,14,5,24,0
75,66,56,57,51,37,93,66,38,29.94,10,10,10,10,4,20,0
58,51,43,36,32,26,58,50,41,30.2,10,10,10,18,10,30,0.001
59,48,36,30,26,20,70,47,24,30.32,10,10,10,14,5,21,0
71,52,32,36,32,27,82,53,23,30.17,10,10,10,10,2,17,0
76,57,38,39,35,33,85,53,21,30.02,10,10,10,14,4,24,0
77,62,46,56,46,39,84,59,33,29.87,10,10,10,14,6,25,0
86,72,58,58,54,36,93,55,17,29.81,10,10,10,12,5,19,0
77,66,54,61,54,37,100,73,46,29.74,10,7,0,18,8,28,0
72,62,51,36,27,23,37,28,18,29.78,10,10,5,16,6,23,0
58,49,39,27,25,23,54,41,28,30.2,10,10,10,15,7,23,0
59,47,34,28,23,19,75,49,23,30.46,10,10,10,8,3,12,0
62,48,33,39,28,23,70,47,24,30.38,10,10,10,15,4,22,0
60,51,39,41,31,25,79,51,28,30.35,10,10,10,15,7,29,0
68,50,32,37,33,30,96,62,28,30.23,10,10,6,13,3,21,0
65,56,46,33,20,14,58,37,15,30.34,10,10,10,17,8,29,0
74,57,39,33,27,20,59,40,20,30.32,10,10,10,14,6,23,0
74,56,38,36,33,30,82,54,25,30.3,10,10,10,9,3,16,0
83,68,52,47,37,30,52,36,20,30.12,10,10,10,13,5,20,0
79,63,47,48,43,38,93,60,27,30.21,10,10,10,10,3,19,0
75,64,52,54,47,38,78,60,42,30.25,10,10,10,15,6,24,0
75,66,57,57,55,53,93,71,49,29.97,10,10,9,15,6,26,0
74,62,50,58,49,35,90,59,27,29.89,10,10,10,16,5,25,0
82,63,43,47,40,32,71,49,26,29.99,10,10,10,12,4,19,0
75,63,50,42,33,25,44,35,25,30.2,10,10,10,13,6,21,0
79,67,54,58,54,45,93,68,42,30.16,10,10,7,16,9,29,0
81,73,64,62,58,56,81,63,45,30.1,10,10,10,16,8,28,0
76,71,66,64,62,60,87,76,64,30.03,10,10,7,14,6,21,0
71,68,65,65,63,60,93,86,79,30,10,10,8,9,3,16,0.01
72,65,57,59,56,52,90,74,57,29.88,10,10,7,12,4,18,0
61,54,47,58,50,36,93,76,59,29.73,10,8,1,23,9,37,1.33
65,54,42,38,30,23,76,49,21,30.18,10,10,10,18,7,28,0
69,54,38,34,31,27,79,53,26,30.31,10,10,10,13,5,19,0
64,53,41,36,29,25,56,42,27,30.4,10,10,10,10,3,16,0
73,58,42,52,45,36,82,62,42,30.24,10,10,10,14,5,21,0
78,67,55,59,55,52,93,72,50,30.04,10,10,10,13,7,23,0
77,70,62,61,60,57,93,72,50,30.04,10,10,10,13,6,22,0
81,70,59,62,55,35,87,62,36,30.02,10,10,10,16,8,28,0
78,64,49,62,47,32,81,59,36,30.06,10,10,8,16,6,25,0
83,73,62,64,50,33,87,53,18,29.97,10,10,9,17,7,28,0
76,61,45,47,37,33,71,48,25,30.12,10,10,10,12,4,22,0
79,68,57,56,54,49,93,66,39,30.13,10,10,10,12,6,18,0
77,68,58,60,57,54,93,74,54,30.08,10,9,5,16,9,26,0
76,70,64,65,62,59,87,76,64,29.83,10,9,2,21,11,33,0.01
83,76,68,69,66,64,90,74,58,29.69,10,8,1,17,9,30,0.22
71,65,59,67,58,57,100,92,84,29.75,10,6,1,15,8,27,2.18
64,61,58,61,59,57,93,92,90,29.88,10,8,2,16,8,26,0.4
71,65,59,63,61,57,100,87,73,29.93,10,7,2,9,3,15,0.36
74,66,57,58,56,54,100,75,49,29.9,10,10,8,9,4,16,0.001
85,71,56,61,51,37,97,59,20,29.79,10,8,2,15,4,25,0
92,73,54,63,50,41,73,48,23,29.79,10,10,10,14,5,26,0
92,80,67,68,58,41,100,59,18,29.79,10,7,3,12,6,20,0
81,71,61,67,57,42,84,61,37,29.93,10,9,5,13,5,17,0
79,73,67,67,66,64,90,76,62,29.88,10,6,1,7,4,12,0.02
79,68,56,69,66,51,100,85,69,29.82,10,7,2,17,5,25,0.07
62,55,47,49,36,28,72,52,31,30.16,10,10,10,18,11,29,0
64,53,42,32,28,25,62,44,25,30.39,10,10,10,15,5,23,0
68,52,35,39,34,30,82,57,32,30.37,10,10,10,12,4,20,0
78,62,45,58,50,40,86,67,47,30.06,10,10,10,17,9,31,0
82,74,65,65,62,59,87,71,54,29.8,10,10,7,15,9,27,0.05
70,59,48,67,46,31,72,51,30,29.93,10,8,2,17,8,28,0.15
73,57,41,46,41,39,89,60,31,29.95,10,10,10,12,4,19,0
74,61,48,57,53,47,93,75,57,29.9,10,9,5,13,4,20,0
74,65,56,63,55,44,100,70,40,30.03,10,8,2,15,5,24,0.001
75,62,48,46,42,40,71,51,31,30.09,10,10,10,10,4,18,0
69,64,58,68,62,47,100,76,52,29.91,10,5,2,13,6,22,0.02
77,73,68,70,69,68,100,88,76,29.74,10,5,2,14,7,24,0.03
86,76,66,69,56,39,97,59,20,29.67,10,7,2,12,5,18,0
66,59,51,52,45,38,72,57,42,29.97,10,9,2,21,8,37,0.34
74,60,45,42,38,34,76,50,23,30.24,10,10,10,13,5,20,0
79,62,44,45,41,39,89,58,27,30.18,10,10,10,12,3,17,0
83,68,53,53,46,38,66,48,30,30.15,10,10,10,12,4,18,0
82,68,53,55,47,40,66,50,33,30.14,10,10,10,15,5,25,0
82,69,55,58,48,35,90,56,21,30.04,10,10,10,15,6,23,0
85,67,48,51,45,41,86,55,23,30.01,10,10,10,9,3,19,0
80,68,55,49,43,38,77,51,25,30.11,10,10,10,12,4,19,0
77,68,58,58,53,44,84,63,41,30.09,10,10,2,16,5,26,0.02
79,72,65,66,62,59,87,75,62,29.96,10,10,10,21,8,32,0.001
89,80,70,71,68,66,93,74,55,29.89,10,10,6,15,5,26,0.001
73,68,62,70,61,58,93,83,73,30.03,10,8,1,15,7,26,1.19
72,65,58,61,60,58,100,83,66,30.04,10,8,2,10,4,20,0.4
77,66,54,58,56,53,100,75,50,30,10,6,0,10,4,17,0
79,67,54,62,58,53,100,77,54,29.87,10,8,4,14,5,22,0
75,70,64,71,66,61,100,92,84,29.84,10,7,1,16,8,28,0.25
78,71,64,71,67,63,97,90,82,29.93,10,5,0,16,6,25,1.34
75,69,63,68,65,63,100,87,73,30.05,10,6,1,13,4,23,1.13
81,72,62,67,64,61,100,79,58,30.06,10,6,1,8,2,13,0
81,71,60,67,63,58,93,72,51,29.98,10,9,2,20,4,35,0.58
83,72,60,66,61,58,93,70,47,29.97,10,8,2,17,5,25,0.41
84,72,60,60,55,49,93,63,33,30.06,10,10,10,12,4,16,0
83,69,55,59,54,50,87,61,34,30.02,10,10,10,9,3,17,0
79,71,63,67,63,58,93,79,64,29.86,10,10,10,13,6,20,0.001
88,79,70,73,69,67,93,76,59,29.77,10,10,6,15,7,25,0
86,79,72,72,69,66,93,77,61,29.67,10,8,4,17,9,27,0
90,76,62,71,58,36,93,54,15,29.69,10,8,1,16,5,37,0.54
87,75,63,73,66,56,93,71,48,29.78,10,8,2,15,7,25,0.001
84,80,75,74,73,72,94,82,70,29.65,10,7,3,14,7,23,0.001
86,76,66,74,67,62,94,73,51,29.7,10,8,0,13,4,23,0.92
78,72,66,65,60,55,87,69,50,29.89,10,10,10,13,7,22,0.001
70,64,57,54,51,49,80,68,55,30.07,10,10,10,15,7,25,0.001
78,67,55,51,48,46,86,60,33,30.08,10,10,10,12,4,19,0
87,71,54,55,51,47,89,57,25,30.04,10,10,10,13,5,19,0
89,74,59,56,53,50,72,51,29,30.02,10,10,10,8,4,15,0
86,71,56,55,53,50,86,60,34,30.03,10,10,10,10,3,19,0
85,73,60,62,58,56,90,65,40,29.96,10,10,10,17,6,29,0
73,70,67,69,65,62,97,88,78,29.85,10,10,3,17,8,27,0.11
87,77,67,70,66,64,87,69,50,29.76,10,10,7,16,7,30,0
91,79,66,74,70,64,93,75,56,29.87,10,6,2,17,8,29,0.27
87,76,65,73,67,63,87,76,65,29.98,10,8,2,18,6,26,0.33
84,76,68,70,68,63,93,78,62,30.09,10,9,2,17,4,29,0.11
87,79,71,70,67,64,79,69,58,30.09,10,10,10,8,4,13,0.001
81,72,63,71,68,64,100,87,74,30.07,10,6,1,9,2,16,0.77
72,67,62,67,62,54,93,83,72,30.05,10,9,4,9,4,15,0.23
80,74,67,67,66,65,100,84,67,29.92,10,6,2,12,5,17,0.26
82,74,65,69,66,61,100,83,65,29.92,10,6,1,20,5,31,0.2
78,71,64,63,61,58,93,77,60,30.02,10,10,4,15,7,23,0.16
76,69,61,65,61,59,100,84,68,29.97,10,5,1,15,5,29,2.25
83,73,62,66,62,60,93,74,55,29.98,10,9,5,8,3,13,0
83,77,70,74,69,64,87,81,74,30,10,10,8,9,4,16,0
87,80,72,75,72,69,93,82,70,29.94,10,10,6,14,5,22,0.001
85,78,71,75,72,69,93,84,74,29.88,10,9,2,14,7,22,0.01
87,81,74,74,72,70,87,76,65,29.91,10,10,10,13,8,22,0
86,82,77,77,75,73,88,81,74,29.96,10,8,5,13,6,22,0
90,79,68,78,73,67,93,76,59,29.84,10,8,5,16,7,28,0.52
77,71,65,69,66,64,100,87,74,29.76,10,8,2,12,6,21,0.35
91,78,65,77,69,64,100,79,57,29.9,10,6,0,13,5,19,0.02
88,79,70,74,71,66,100,78,55,30.03,10,8,3,14,6,21,0.18
89,78,66,72,67,61,93,67,40,29.99,10,8,2,13,5,19,0.31
82,75,67,75,71,67,100,85,69,29.87,10,8,1,14,3,22,1.07
87,78,68,72,69,66,97,75,53,29.88,10,6,1,10,2,16,0.19
84,76,68,72,69,63,100,76,51,29.88,10,7,1,10,4,18,0.36
85,75,65,70,66,63,93,74,55,29.89,10,6,1,10,3,16,1.61
86,77,67,71,68,66,100,76,51,29.89,10,9,2,13,5,20,0.1
88,78,68,68,62,53,97,66,34,29.86,10,10,10,14,6,22,0
90,80,70,63,59,57,68,53,38,29.85,10,10,10,13,4,20,0
92,81,69,70,65,63,84,64,44,29.88,10,10,10,8,2,14,0
92,81,70,72,70,67,93,71,49,29.9,10,10,7,12,3,18,0
92,82,71,72,70,67,93,73,52,29.92,10,10,6,20,5,34,0
91,80,69,73,71,68,97,77,56,29.95,10,10,9,10,3,14,0
93,85,76,75,74,72,88,72,56,30,10,9,5,12,6,19,0
94,86,77,77,76,75,91,74,56,30,10,10,8,14,6,22,0
94,85,76,76,75,73,91,76,60,29.94,10,10,10,12,5,18,0
94,86,78,76,74,73,85,71,56,29.85,10,10,8,12,6,21,0
96,87,78,75,73,71,85,66,46,29.9,10,8,6,13,7,23,0
96,86,75,75,73,70,94,71,48,29.94,10,9,6,14,6,22,0
97,87,76,75,73,71,94,70,46,29.93,10,10,9,10,6,19,0
96,86,76,75,73,71,88,67,46,29.96,10,9,7,10,4,16,0
94,86,77,76,73,68,85,67,49,30.06,10,10,10,12,4,17,0
95,85,75,74,71,69,87,65,43,30.14,10,10,10,9,4,17,0
96,86,75,73,71,69,87,66,45,30.08,10,10,10,9,4,16,0
96,86,76,74,72,71,94,72,49,30,10,10,3,13,6,22,0
95,85,75,73,72,68,94,70,46,30.03,10,10,10,14,6,22,0
93,84,75,74,73,71,94,73,52,30.01,10,10,10,13,6,20,0
88,83,77,78,75,72,94,81,68,30.03,10,10,7,10,5,16,0.02
95,86,76,76,73,69,100,73,46,30.07,10,9,5,13,5,19,0
96,86,75,75,71,68,87,65,42,30.06,10,10,10,8,2,15,0
101,87,72,73,71,68,100,69,37,30.02,10,9,1,26,3,39,0.33
96,84,71,75,70,66,93,66,39,29.97,10,10,10,9,2,13,0
94,85,76,74,71,67,88,65,41,29.94,10,10,10,10,4,17,0
96,85,74,74,71,69,93,70,46,29.97,10,10,8,10,5,17,0
98,87,76,74,73,71,88,67,45,29.97,10,10,9,14,7,23,0
98,88,78,75,74,73,85,67,48,29.91,10,10,10,15,8,25,0
99,90,80,75,74,70,85,62,39,29.9,10,10,10,14,8,24,0
99,89,79,75,74,73,85,65,45,29.95,10,9,0,16,8,26,0
100,90,79,75,73,68,91,68,45,29.94,10,10,10,16,8,28,0
99,89,79,74,73,71,85,64,42,29.92,10,10,5,16,9,26,0
100,90,79,75,73,68,85,64,42,29.96,10,10,10,14,7,23,0
99,89,78,76,73,69,91,65,39,29.99,10,10,8,13,7,23,0
97,87,77,78,74,69,91,67,42,29.95,10,9,6,14,6,25,0.04
100,90,79,75,71,65,85,60,35,29.88,10,10,9,17,9,31,0
100,89,77,74,72,69,88,64,39,29.91,10,10,10,17,9,28,0
101,91,80,76,73,69,85,64,42,29.96,10,10,10,15,8,25,0
101,89,77,74,73,71,88,64,40,29.96,10,10,10,17,8,24,0
101,90,78,75,71,64,91,62,33,29.97,10,10,9,13,7,22,0
100,88,76,74,72,66,94,66,38,29.98,10,10,9,12,5,20,0
99,88,76,74,72,66,88,63,38,30.02,10,10,10,12,7,20,0
99,89,78,75,72,68,91,65,39,30.09,10,10,10,14,5,23,0
100,89,77,74,72,69,85,64,42,30.11,10,10,10,15,5,24,0
101,89,77,75,72,66,88,62,35,30.12,10,10,10,13,5,22,0
101,89,76,73,69,65,87,60,33,30.07,10,10,10,12,4,20,0
102,89,76,73,69,65,87,59,31,30.01,10,10,10,12,4,17,0
101,90,78,74,71,67,85,60,35,29.93,10,10,10,13,6,21,0
101,90,78,75,73,68,91,64,37,29.91,10,10,10,13,5,21,0
102,89,76,76,73,69,94,66,37,29.91,10,9,2,21,3,33,0.76
93,84,75,77,75,71,100,76,52,29.93,10,7,1,9,2,17,0.08
92,83,74,78,74,70,100,78,55,29.97,10,6,0,16,3,26,1.06
97,86,75,76,73,71,94,70,46,29.98,10,10,8,22,3,30,0
96,85,74,75,72,69,91,67,43,29.97,10,10,10,9,4,17,0
97,87,76,76,73,69,100,71,42,29.98,10,10,10,12,5,18,0
99,87,75,74,70,60,94,62,29,30,10,10,10,13,6,22,0
98,87,75,74,72,69,94,67,39,30.03,10,10,10,12,5,19,0
99,88,76,74,72,70,94,68,42,29.98,10,10,10,10,4,18,0
99,88,76,75,72,70,88,65,42,29.92,10,10,10,12,5,20,0
100,89,77,76,73,71,91,67,42,29.93,10,10,10,12,5,18,0
100,89,77,75,71,67,88,63,38,29.93,10,10,10,12,4,18,0
100,89,77,75,72,68,91,65,39,29.89,10,10,10,12,6,19,0
100,89,78,75,72,68,91,65,39,29.86,10,10,10,10,5,20,0
102,91,79,76,73,68,91,66,40,29.88,10,10,10,13,6,20,0
102,92,81,77,73,68,91,64,37,29.93,10,10,10,12,5,20,0
102,90,78,76,74,69,91,64,37,29.91,10,10,10,12,5,21,0
105,92,79,76,73,69,91,63,35,29.81,10,10,9,15,5,24,0
96,87,77,76,73,70,94,73,52,29.82,10,10,7,13,3,19,0.1
84,78,71,76,75,70,100,90,79,29.91,10,7,1,15,3,24,0.92
76,74,71,73,72,70,100,97,93,30,10,5,1,7,2,12,2.35
83,77,71,76,73,70,100,90,79,30.02,10,6,0,10,3,16,1.79
84,80,75,78,75,73,100,90,79,30.06,10,8,1,12,3,16,0.3
88,81,74,80,75,73,100,84,68,30.04,10,9,1,12,2,18,0.17
93,84,75,77,75,72,100,76,52,29.94,10,9,2,10,5,19,0.06
83,78,73,77,74,72,94,87,79,29.89,10,8,1,10,4,17,0.74
82,78,73,75,73,71,100,87,74,29.97,10,9,4,8,2,14,0.11
91,83,75,77,74,70,94,75,56,30.05,10,9,2,13,4,20,0.04
94,86,77,76,74,69,91,70,49,30.09,10,10,9,13,7,21,0
93,85,76,75,73,69,94,72,49,30.09,10,10,5,13,6,21,0
94,84,74,75,73,70,100,75,49,30.04,10,10,7,13,2,17,0.04
93,84,75,75,73,71,94,73,52,30,10,10,10,13,3,20,0
92,82,72,73,71,69,93,73,52,29.96,10,10,9,12,3,19,0
92,83,73,75,72,70,91,72,52,29.98,10,9,1,12,3,22,0.16
91,82,73,75,72,71,94,75,56,29.98,10,9,3,16,5,25,0.06
92,83,73,73,72,70,94,73,52,29.97,10,10,10,12,4,16,0
94,84,74,74,72,70,100,75,49,29.93,10,10,8,9,2,14,0.09
96,86,75,74,72,69,94,70,46,29.92,10,10,8,10,4,15,0
92,84,75,75,72,70,87,73,59,29.97,10,10,8,9,3,17,0
92,83,73,74,72,69,94,73,52,29.95,10,9,5,10,3,17,0.001
93,84,75,75,73,71,94,73,52,29.96,10,9,6,13,3,19,0.01
94,84,73,77,74,72,94,77,59,30.01,10,10,9,14,5,19,0.001
95,86,77,78,76,75,97,79,60,30.07,10,10,5,17,6,25,0.01
96,87,78,77,76,73,97,75,52,30.08,10,10,8,13,6,20,0
95,86,77,76,73,69,91,70,49,29.99,10,10,10,12,6,20,0
95,86,77,75,73,71,94,72,49,29.93,10,10,10,13,6,20,0
93,82,71,75,71,64,94,68,41,30.06,10,9,2,18,6,31,0.05
93,81,69,68,66,64,84,64,44,30.08,10,10,10,7,2,10,0
93,82,70,73,69,67,93,70,47,29.94,10,10,10,10,3,15,0
94,84,74,75,72,69,100,73,46,29.96,10,10,6,9,3,15,0.001
92,84,76,76,71,69,82,66,49,30.02,10,10,9,14,3,18,0.001
94,83,72,74,71,69,93,70,46,29.97,10,10,3,12,3,17,0
95,85,75,74,71,68,94,69,44,29.92,10,10,10,9,2,12,0
98,87,75,75,73,71,94,70,45,29.93,10,10,10,8,2,12,0
99,88,76,75,73,71,94,68,42,29.97,10,10,10,10,3,16,0
99,87,75,75,71,65,94,66,38,30.01,10,10,10,10,3,17,0
96,86,75,75,69,61,91,62,33,29.99,10,10,7,10,2,13,0
94,82,70,74,69,65,84,64,44,29.95,10,10,10,14,5,18,0
93,85,76,77,74,72,94,73,52,29.96,10,9,2,14,5,20,0.03
97,87,77,76,74,72,94,72,49,29.95,10,10,4,15,5,23,0.01
88,79,70,76,73,69,100,83,65,29.98,10,9,0,13,4,21,0.76
73,70,67,72,69,62,100,89,78,30.08,10,7,1,13,6,20,1.22
80,74,67,64,62,61,87,71,54,30.07,10,10,10,9,3,13,0
89,77,65,65,60,52,93,61,29,30.04,10,10,10,8,1,11,0
86,75,63,62,55,50,87,61,34,30.15,10,10,10,12,5,21,0
83,72,60,55,52,50,73,54,34,30.14,10,10,10,8,2,12,0
80,70,59,61,56,53,87,65,42,30.06,10,10,10,7,1,13,0.001
85,72,58,60,58,53,93,65,37,30.02,10,10,10,8,2,11,0
87,75,62,64,61,59,90,66,42,29.91,10,10,9,10,3,14,0
91,81,70,72,69,65,90,69,47,29.8,10,10,8,12,5,20,0
92,84,75,74,72,68,94,72,49,29.87,10,10,10,13,5,21,0
92,84,76,74,72,68,94,71,47,29.91,10,10,10,16,5,23,0.001
89,76,63,73,69,58,94,74,53,30.02,10,10,7,16,5,26,0.001
86,74,61,63,60,57,90,69,48,30.18,10,10,10,9,5,16,0
84,71,58,58,47,41,73,49,24,30.21,10,10,10,8,4,14,0
84,68,52,52,46,39,83,53,23,30.16,10,10,10,7,1,11,0
88,71,53,59,53,48,83,57,30,30.09,10,10,10,9,1,13,0
91,76,61,72,65,57,84,66,47,30.04,10,10,10,10,3,17,0
89,79,68,73,69,62,94,73,51,30.09,10,10,4,12,2,16,0.17
87,77,67,71,67,62,100,74,48,30.1,10,7,0,14,3,24,0.001
91,81,71,71,70,67,93,70,47,30.02,10,10,10,12,4,21,0
94,85,75,72,70,64,87,66,44,29.94,10,10,10,14,5,20,0
94,84,74,72,70,63,93,69,44,29.86,10,10,10,12,6,23,0
93,84,75,73,71,66,87,67,47,29.85,10,10,10,13,6,22,0
92,84,75,74,71,66,94,71,47,29.93,10,10,10,12,5,18,0
83,74,65,70,61,44,93,60,26,30.07,10,10,10,17,7,29,0
77,65,53,47,45,41,71,50,28,30.23,10,10,10,9,3,15,0
80,64,47,48,45,41,86,57,27,30.17,10,10,10,9,2,16,0
84,70,55,62,55,47,86,63,39,30.15,10,10,10,13,3,19,0.001
86,77,67,67,64,61,93,71,48,30.19,10,10,10,10,4,16,0.001
86,77,67,66,63,59,100,72,44,30.16,10,8,1,10,3,17,0
87,76,64,66,62,60,93,69,44,30.12,10,10,10,10,2,14,0
88,76,64,67,62,58,93,68,43,30.16,10,10,10,9,3,14,0
86,74,61,64,60,57,90,67,44,30.16,10,10,10,12,2,16,0
86,75,64,65,62,58,93,68,42,30.13,10,10,8,12,2,21,0
87,76,65,67,63,54,100,67,34,30.11,10,10,8,10,2,14,0
86,73,60,69,62,58,100,72,44,30.05,10,8,0,12,3,17,0
91,81,71,73,71,64,100,72,44,29.98,10,9,1,15,5,22,0.33
88,81,73,74,72,69,100,78,55,30.06,10,9,5,12,6,17,0.01
80,74,68,73,70,66,93,84,74,30.19,10,8,0,16,5,25,1.07
73,71,68,67,66,64,93,89,84,30.24,10,9,6,8,4,11,0
72,68,63,68,66,59,100,91,81,30.22,10,6,1,7,2,12,0.24
76,68,59,67,60,57,93,85,76,30.13,10,10,5,12,2,20,0.07
71,66,61,69,65,61,100,94,87,30.09,10,5,1,7,2,12,0.08
69,66,62,66,64,62,100,92,84,30.16,10,8,2,10,4,16,0.49
65,63,60,62,61,58,100,94,87,30.23,10,6,1,10,6,17,0.17
71,64,56,58,55,53,90,72,53,30.29,10,10,8,8,3,12,0
74,65,55,60,57,54,100,79,57,30.25,10,8,2,8,2,12,0.001
77,67,57,58,57,54,93,72,50,30.22,10,8,1,9,4,13,0
76,65,54,58,55,52,93,75,57,30.18,10,10,9,7,2,12,0
82,69,56,62,58,55,100,74,48,30.09,10,6,0,9,2,16,0
86,73,59,58,55,51,87,60,32,30.04,10,10,10,8,2,14,0
86,71,55,57,52,49,86,58,30,29.97,10,10,10,9,3,18,0
82,70,58,66,61,54,100,74,47,29.9,10,9,1,15,7,26,0
79,66,52,68,55,31,90,62,34,30.1,10,10,10,17,7,29,0.001
63,52,41,33,30,26,67,46,25,30.54,10,10,10,13,5,22,0
67,51,35,36,32,27,85,55,24,30.35,10,10,10,10,2,15,0
77,61,44,57,48,36,84,64,43,30.09,10,10,10,13,5,21,0
76,69,62,69,64,57,97,83,69,29.94,10,9,2,13,5,23,0.49
73,62,51,69,54,45,100,71,41,30.11,10,9,2,14,3,24,0.13
76,61,46,60,52,45,93,70,46,30.19,10,10,10,8,1,12,0
66,61,55,60,57,49,97,87,77,30.32,10,10,6,10,4,14,0.03
70,62,53,56,51,47,83,69,55,30.31,10,10,10,7,2,9,0
76,66,56,65,59,51,86,75,64,29.93,10,10,10,14,6,26,0
79,65,51,66,49,33,84,53,21,29.57,10,10,10,17,6,28,0
79,64,49,48,42,38,80,53,25,29.67,10,10,10,8,3,12,0
67,55,42,42,33,26,66,45,24,30.02,10,10,10,13,4,20,0
69,53,37,43,34,31,85,56,27,30.08,10,10,10,12,3,16,0
64,58,51,57,49,43,90,77,63,30.05,10,10,5,10,4,17,0.22
52,51,49,50,49,47,100,95,89,29.97,10,6,2,12,6,21,1.29
53,51,49,49,48,46,93,88,83,30.01,10,8,2,13,6,19,0.37
52,50,47,50,48,46,100,95,89,29.85,10,5,1,10,3,17,0.63
58,51,43,48,45,43,100,84,67,29.94,10,8,0,17,4,27,0
56,48,39,48,45,39,100,86,72,30.11,10,7,2,13,3,19,0
52,44,36,44,31,20,83,68,52,30.49,10,10,9,21,10,32,0
46,40,33,26,20,16,56,45,34,30.6,10,10,10,12,5,18,0
52,44,35,50,37,27,96,75,54,30.37,10,8,2,9,3,15,0
67,59,50,61,55,50,100,91,81,30.04,10,5,0,14,4,25,0.02
67,57,46,52,47,41,93,73,52,30.02,10,10,10,10,3,17,0
77,64,50,60,54,46,100,73,46,30.01,10,7,1,14,4,22,0
57,50,43,48,43,38,89,78,66,30.18,10,10,7,12,4,17,0
54,50,45,43,42,40,92,78,63,30.31,10,7,2,12,5,20,0
67,59,51,61,54,41,96,82,68,29.94,10,8,2,12,5,21,0
76,55,34,67,59,21,100,80,59,29.78,10,6,2,21,6,35,0
37,32,26,18,12,10,58,48,38,30.49,10,10,10,21,12,35,0
45,34,23,17,12,8,59,42,24,30.68,10,10,10,13,5,21,0
59,47,35,25,20,15,59,40,20,30.46,10,10,10,7,2,11,0
71,57,43,40,32,25,55,41,27,30.2,10,10,10,12,4,19,0
68,59,50,40,36,33,63,48,32,30.26,10,10,9,12,4,19,0
68,60,52,64,54,37,100,74,47,30.1,10,6,0,7,1,10,0.01
78,72,65,68,66,64,100,85,69,30.02,10,9,5,17,7,28,0.001
80,74,68,67,65,64,90,74,58,29.94,10,10,10,17,9,32,0
84,77,70,70,69,67,93,74,55,30.11,10,10,7,12,4,20,0.001
76,69,62,68,58,47,97,72,46,30.2,10,10,10,7,1,11,0.001
83,73,62,67,64,56,93,72,51,30.08,10,9,4,12,3,20,0
70,60,49,65,27,16,84,51,18,30.38,10,10,10,18,9,30,0
55,52,49,34,23,18,48,38,27,30.31,10,10,10,12,4,16,0.001
77,64,51,61,51,36,90,70,50,29.9,10,10,4,10,3,18,0.001
73,64,52,62,54,44,100,79,38,29.85,10,8,1,15,5,25,0.4
75,60,44,44,39,31,80,52,24,30.04,10,10,10,12,4,23,0
48,42,37,31,28,24,68,58,48,30.13,10,10,10,10,6,17,0
62,49,34,47,35,18,79,64,50,29.96,10,10,7,15,4,28,0
34,29,23,18,15,13,60,55,49,30.31,10,10,10,17,10,28,0
44,32,19,13,11,6,73,48,22,30.74,10,10,10,12,4,21,0
53,37,21,32,18,11,81,50,19,30.64,10,10,10,14,4,22,0
71,57,43,55,47,35,89,69,49,30.3,10,10,10,15,5,27,0
79,69,59,58,56,53,90,66,42,30.02,10,10,10,17,7,35,0
80,70,59,63,60,57,93,72,51,29.95,10,10,9,16,8,29,0
81,74,67,65,63,59,87,70,52,30.04,10,10,7,14,8,26,0
78,67,56,69,63,51,100,74,48,30.25,10,8,0,14,7,24,0.65
56,52,47,51,50,46,100,92,83,30.33,9,3,1,8,4,13,0.07
73,62,51,66,59,50,100,87,73,30.01,10,4,1,17,5,29,0.61
70,64,58,61,56,51,97,78,58,29.97,10,9,1,9,1,16,0.3
59,54,48,55,48,46,100,86,72,30.11,10,7,0,14,6,22,1.57
56,52,47,52,48,46,100,93,86,30.09,10,8,2,9,4,14,0.51
71,62,52,55,52,50,100,79,57,29.83,10,10,10,12,3,18,0.001
76,62,47,55,50,46,93,66,38,29.74,10,9,5,8,1,11,0
81,65,48,58,51,33,100,62,23,29.58,10,7,0,21,6,38,0.02
70,62,53,42,34,27,47,38,28,29.75,10,10,10,24,11,43,0
76,61,46,39,36,34,65,44,23,29.94,10,10,10,10,4,16,0
84,67,50,64,51,36,87,62,37,29.71,10,10,10,14,7,25,0
69,59,48,63,36,27,84,53,22,29.92,10,10,10,15,7,24,0
59,50,40,30,27,24,64,46,28,30.27,10,10,10,10,3,14,0
58,48,38,30,24,21,70,48,26,30.35,10,10,10,13,5,19,0
61,50,39,37,31,21,82,52,22,30.35,10,10,10,14,6,22,0.001
70,55,40,34,30,28,65,44,22,30.32,10,10,10,14,6,22,0
79,63,47,35,30,26,61,38,15,30.19,10,10,10,12,5,18,0
78,61,44,50,36,29,67,44,21,30.03,10,10,10,13,4,21,0
82,67,51,59,52,45,100,68,35,29.98,10,8,2,14,4,20,0
64,55,46,39,35,32,65,52,39,30.22,10,10,10,13,7,20,0
53,49,45,37,34,31,61,57,53,30.37,10,10,10,13,6,21,0.001
51,49,47,52,46,36,100,77,54,30.24,10,4,1,9,1,12,0.02
72,62,51,64,59,51,100,89,78,30.06,10,6,0,12,3,19,0.001
78,73,67,67,65,63,93,76,58,29.91,10,9,3,12,5,22,0.001
86,71,56,66,54,36,100,59,17,29.8,10,8,2,13,2,22,0
87,69,51,46,41,33,77,49,21,29.88,10,10,10,18,5,26,0
68,56,43,37,31,28,54,39,24,30.28,10,10,10,10,5,19,0
79,65,51,63,51,36,87,70,52,30.16,10,10,7,7,3,22,0
86,76,66,67,64,62,93,71,48,29.99,10,8,5,12,6,21,0
79,73,66,66,61,49,93,73,52,30.09,10,9,5,14,5,21,0
78,71,63,64,55,42,84,63,42,30.05,10,10,10,18,9,28,0.001
67,57,47,62,47,37,93,80,66,29.94,10,8,2,20,9,32,0.86
65,54,43,38,33,27,82,53,24,30.16,10,10,10,16,7,24,0
70,55,40,39,36,34,79,54,28,30.1,10,10,10,12,3,15,0
77,64,50,60,50,41,93,67,41,29.85,10,10,10,13,6,22,0
86,74,62,64,56,45,90,58,26,29.78,10,10,10,12,6,20,0
81,71,61,68,66,59,90,76,62,29.84,10,7,2,20,8,37,0.09
70,64,58,59,57,54,100,80,59,29.95,10,8,1,21,4,34,1.12
82,67,52,55,43,37,100,61,21,29.97,10,10,9,15,6,26,0
87,69,51,49,45,40,71,48,24,29.86,10,10,10,10,3,15,0
90,73,55,60,49,42,73,50,26,29.64,10,10,10,15,5,25,0
80,67,54,50,35,28,43,31,18,29.8,10,10,10,17,6,23,0
63,54,44,33,28,22,58,42,25,30.13,10,10,10,13,6,22,0
72,57,42,64,50,33,93,77,60,29.95,10,10,9,12,3,18,0.001
82,74,66,66,65,64,93,76,58,29.92,10,8,4,13,6,21,0.001
80,75,69,68,67,66,90,79,67,29.89,10,7,2,14,7,24,0
73,64,54,67,45,23,93,59,24,30.08,10,9,7,21,8,29,0
66,58,49,28,22,19,42,30,18,30.4,10,10,10,13,5,23,0
71,56,40,38,29,24,70,45,19,30.48,10,10,10,14,6,23,0
59,57,54,57,52,39,100,72,44,30.33,10,6,2,13,4,18,0.66
75,66,57,65,60,57,100,84,68,30.11,10,6,1,12,4,19,0.27
84,76,68,67,66,64,93,76,58,29.94,10,10,10,16,9,29,0.001
77,69,61,67,51,34,93,61,29,30.12,10,10,5,17,6,25,0.001
76,68,60,64,50,33,78,56,34,30.23,10,10,10,12,4,17,0.001
80,74,67,66,64,59,93,79,64,30.13,10,10,6,14,5,23,0.001
83,73,62,65,62,59,93,70,47,30.11,10,10,10,12,2,18,0.001
66,64,61,64,62,59,100,94,87,30.09,10,6,1,9,4,15,0.73
62,55,47,60,47,43,93,85,77,30.21,10,9,4,18,7,31,0.01
70,58,48,52,48,46,100,85,44,30.14,10,6,2,12,3,18,0.01
73,57,40,46,43,41,57,46,35,30.24,10,10,10,12,3,18,0
75,62,49,54,49,44,86,64,41,30.26,10,9,0,14,6,21,0
79,69,58,63,59,55,100,78,56,30.19,10,7,2,14,6,24,0.02
83,74,65,64,62,61,87,69,51,30.12,10,10,9,15,8,24,0
84,75,65,66,63,61,93,72,51,30.23,10,10,7,10,4,16,0
85,75,65,65,62,59,93,69,44,30.2,10,10,9,12,6,21,0
85,75,64,65,60,53,87,63,39,30.11,10,10,10,13,7,21,0
85,74,63,63,61,59,93,70,47,30.06,10,10,8,13,8,23,0
83,76,68,64,62,58,87,67,47,30.07,10,10,10,14,7,23,0
85,75,65,63,59,43,87,56,24,30.02,10,10,10,24,10,38,0
83,72,60,71,63,51,90,68,45,29.91,10,8,2,17,6,28,0.05
84,69,53,51,46,41,71,48,25,29.97,10,10,10,12,4,17,0
86,75,63,66,61,51,93,67,40,29.84,10,8,2,18,8,27,0
86,78,70,67,66,65,90,73,55,29.83,10,9,4,13,5,20,0
86,78,70,68,66,60,90,67,44,29.78,10,8,4,22,10,35,0
84,72,60,68,56,42,100,62,24,29.76,10,8,1,15,5,27,0.73
82,68,54,50,46,39,77,50,23,29.85,10,10,10,15,4,26,0
86,71,55,59,53,48,80,56,32,29.76,10,10,10,18,6,27,0
76,71,65,65,63,59,93,79,64,29.82,10,10,10,16,8,26,0
77,67,57,67,61,51,93,74,54,29.75,10,7,1,16,6,29,0.71
90,70,49,54,51,47,93,58,23,29.72,10,10,10,10,2,17,0
89,75,60,62,55,50,72,52,32,29.67,10,10,10,14,5,22,0
75,64,52,43,39,36,63,45,27,30.04,10,10,10,21,8,34,0
79,64,49,47,43,40,77,52,27,30.21,10,10,10,9,3,15,0
81,67,52,51,48,44,77,55,32,30.17,10,10,10,12,4,20,0
82,69,56,62,58,52,93,72,51,29.99,10,10,10,15,7,26,0
81,74,66,66,64,61,87,73,58,29.9,10,10,10,15,8,26,0
80,76,71,73,69,65,90,82,74,29.98,10,8,1,13,7,22,0.1
72,67,62,70,65,59,100,94,87,30.12,10,8,1,10,4,18,0.34
78,70,61,65,61,59,97,79,60,30.16,10,10,7,10,4,15,0
82,75,67,66,64,58,100,77,54,30.14,10,9,5,14,6,23,0.001
84,75,65,64,62,57,93,69,45,30.07,10,10,5,12,5,20,0
84,76,67,66,64,63,87,71,54,30.03,10,10,9,14,7,25,0
84,77,69,68,66,65,90,73,55,30.01,10,10,10,14,6,21,0
80,72,63,67,65,57,90,80,69,30,10,10,6,16,5,26,0.001
82,72,61,65,62,58,90,73,55,30,10,10,10,10,4,16,0
85,77,68,66,65,64,87,71,55,30.02,10,10,9,14,6,22,0.001
88,79,70,68,67,65,90,73,55,30,10,10,10,12,6,20,0
89,80,71,67,66,65,84,66,48,29.86,10,10,9,14,7,23,0
73,65,57,67,55,44,86,69,52,29.99,10,10,4,14,7,23,0.01
77,64,50,44,42,40,71,50,29,30.1,10,10,10,14,5,22,0
82,65,48,54,49,44,86,61,35,29.87,10,10,10,14,4,22,0
90,76,62,70,65,54,90,73,55,29.58,10,10,10,16,7,26,0
91,77,62,70,57,37,84,51,17,29.56,10,10,8,18,8,30,0
86,70,53,64,50,44,84,58,31,29.72,10,10,10,15,7,26,0
95,83,70,72,68,63,84,64,43,29.58,10,9,7,17,9,26,0
92,79,66,73,66,44,82,64,45,29.59,10,7,4,18,9,30,0.01
78,65,52,54,44,35,63,43,22,29.89,10,10,7,18,6,33,0.05
91,71,51,56,48,42,77,50,23,29.93,10,10,10,14,6,23,0
92,77,62,63,56,47,84,57,30,29.9,10,10,10,16,7,25,0
95,80,64,72,66,47,93,66,39,29.8,10,9,5,18,8,31,0.001
79,70,60,47,43,39,60,43,25,30.03,10,10,10,18,8,34,0
86,71,55,48,42,38,67,44,20,30.03,10,10,10,13,4,20,0
91,73,54,53,49,46,77,52,27,29.95,10,10,10,12,4,17,0
88,75,61,59,57,56,78,56,34,29.94,10,10,10,15,6,23,0
84,74,64,63,61,58,87,66,45,29.97,10,10,10,16,8,23,0
76,71,66,72,68,63,93,86,78,29.96,10,9,2,12,6,18,0.04
83,77,71,70,68,66,90,76,62,29.91,10,9,7,14,7,23,0.001
88,80,71,72,70,67,93,73,53,29.88,10,7,2,15,3,25,0.22
88,76,63,70,57,50,93,61,29,29.9,10,9,4,14,7,25,0
89,74,58,58,54,52,80,54,27,29.91,10,10,10,10,3,16,0
93,78,62,65,61,58,90,63,36,29.89,10,10,10,13,5,20,0
92,80,67,66,64,63,93,67,41,29.9,10,10,9,15,7,24,0
86,78,70,69,67,65,90,74,57,29.8,10,10,10,20,9,32,0
90,80,70,74,69,58,100,67,34,29.77,10,8,2,14,5,24,0.12
94,84,73,73,71,65,94,72,49,29.75,10,8,5,20,10,33,0.001
95,85,75,71,69,67,87,64,41,29.74,10,10,10,18,9,28,0
84,75,66,71,67,65,93,77,61,29.89,10,9,1,15,4,23,1.22
78,70,62,67,61,57,93,74,54,30.05,10,8,1,14,6,25,0.67
77,69,61,65,62,58,93,81,69,29.99,10,10,7,9,4,16,0.02
86,72,58,65,62,51,100,73,45,29.89,10,8,2,21,5,33,0.07
87,72,56,55,49,43,86,54,21,29.83,10,10,10,12,5,19,0
94,78,62,70,60,52,76,55,34,29.72,10,10,10,17,7,29,0
92,84,75,75,72,70,87,70,52,29.81,10,10,7,13,6,24,0
97,87,76,76,74,72,94,71,48,29.85,10,6,2,15,7,23,0.01
94,80,66,73,71,62,93,73,52,29.87,10,9,2,18,4,34,0.47
88,78,68,69,67,64,93,70,46,30,10,10,10,8,2,11,0
88,78,68,68,66,63,90,68,45,30.02,10,10,10,8,2,14,0
85,77,68,70,68,62,97,74,51,30.01,10,10,9,17,2,26,0.02
89,78,67,71,68,65,97,75,53,29.95,10,10,9,10,4,16,0
92,83,74,72,71,66,93,70,47,29.92,10,10,10,12,5,16,0.001
92,82,71,73,71,65,94,69,44,29.9,10,10,2,12,4,20,0.24
91,80,68,71,69,66,100,76,52,29.83,10,9,2,12,1,24,0.17
90,78,66,70,68,65,100,72,44,29.74,10,9,0,25,3,41,1.39
92,81,70,70,66,60,97,67,36,29.82,10,10,10,14,5,25,0
95,83,70,68,62,54,84,55,26,29.9,10,10,10,9,3,17,0
93,83,73,68,66,64,79,60,41,29.9,10,10,10,9,4,14,0
90,82,74,71,69,65,87,69,50,29.87,10,10,10,13,6,20,0
93,82,70,69,65,59,84,62,40,29.86,10,10,10,14,6,21,0
93,83,73,70,68,62,87,62,36,29.9,10,10,10,13,7,21,0
94,85,75,72,68,62,87,62,36,29.89,10,10,2,15,7,22,0.001
98,87,76,73,71,68,88,63,38,29.87,10,10,10,18,7,27,0
96,87,78,74,71,67,85,63,41,29.9,10,10,7,14,8,23,0
99,88,76,74,71,67,94,65,35,29.92,10,10,10,13,7,20,0
98,88,77,73,70,66,82,60,38,29.82,10,10,10,16,7,29,0
101,89,77,75,72,68,85,61,36,29.73,10,10,10,15,8,28,0
100,89,78,74,71,67,85,60,35,29.75,10,10,10,13,7,23,0
92,84,76,74,72,68,94,72,49,29.92,10,10,2,13,4,19,0.01
98,87,76,72,69,66,82,60,38,29.92,10,10,10,10,5,17,0
97,86,75,72,64,53,82,54,26,29.79,10,10,10,14,6,22,0
99,88,76,72,67,64,74,54,33,29.67,10,10,10,10,5,17,0
104,91,78,75,72,68,91,63,35,29.76,10,10,8,14,7,22,0
85,79,72,76,71,66,85,70,55,30.02,10,8,1,13,5,23,0.14
90,83,75,74,71,67,87,67,47,30.11,10,10,7,13,5,19,0.02
91,82,72,74,72,67,100,74,47,30.08,10,8,1,15,2,22,1.07
91,81,71,74,72,67,100,75,50,30,10,7,2,20,3,30,0.01
92,82,71,72,70,67,93,70,47,29.91,10,10,10,10,4,18,0
99,87,75,75,73,70,94,68,42,29.85,10,10,10,13,6,23,0
98,89,79,75,73,70,85,64,42,29.88,10,10,10,16,8,27,0
98,89,79,76,72,66,85,62,38,30.02,10,9,6,15,7,24,0.001
100,89,78,75,72,66,91,63,35,30.06,10,10,8,14,6,25,0
99,88,76,74,71,67,88,62,35,30,10,10,10,13,7,26,0
101,90,78,74,72,66,85,60,35,29.97,10,10,10,13,7,28,0
99,89,78,74,70,60,85,58,31,30.01,10,10,10,13,6,19,0
100,89,77,74,71,63,88,60,31,30.06,10,10,10,12,4,20,0
99,87,75,74,71,65,88,61,33,30.05,10,10,10,15,3,27,0.02
100,88,75,71,67,62,87,59,31,30.02,10,10,10,9,3,17,0
101,89,77,71,67,60,82,56,29,29.99,10,10,10,12,4,19,0
100,88,76,72,65,58,87,57,26,29.95,10,10,10,12,5,20,0
101,89,77,73,69,58,88,58,27,29.96,10,10,10,14,7,22,0
101,89,77,73,70,59,88,59,29,29.99,10,10,10,13,6,20,0
102,90,77,74,70,63,88,59,29,30.06,10,10,10,10,3,19,0
101,89,77,74,69,61,88,58,27,30.07,10,10,10,15,4,22,0
103,87,71,73,70,63,100,65,29,30.01,10,9,2,23,3,35,0.16
99,84,68,71,69,65,100,67,33,29.93,10,9,6,12,3,24,0
98,88,77,75,71,66,88,63,38,29.9,10,10,10,16,3,23,0.001
100,88,76,74,70,65,88,61,33,29.98,10,10,10,14,5,20,0
101,89,77,74,70,63,88,60,31,30.07,10,10,10,18,5,29,0
103,90,77,75,69,61,85,56,27,30.03,10,10,10,14,5,22,0
104,91,77,74,68,61,85,56,27,29.95,10,10,10,14,5,24,0.001
103,90,77,74,68,61,88,58,27,29.9,10,10,10,13,6,22,0
103,90,77,74,71,66,85,58,31,29.88,10,10,2,13,4,24,0.04
102,89,76,75,71,56,91,60,29,29.95,10,10,9,13,3,19,0.01
103,91,78,75,71,63,91,61,31,30.03,10,10,9,15,7,24,0
103,91,78,75,70,61,91,58,25,30.03,10,10,10,15,6,27,0.001
103,89,75,71,67,61,82,54,25,29.97,10,10,10,12,5,21,0
105,91,76,71,64,55,87,54,20,29.9,10,10,10,14,5,20,0
107,92,77,72,64,55,82,51,19,29.86,10,10,10,12,4,17,0
106,93,79,70,68,63,69,48,27,29.91,10,10,10,13,4,20,0
99,88,77,66,61,54,64,43,22,29.97,10,10,10,12,4,20,0